{"type":"FeatureCollection","credit":"경계: 통계청 SGIS (statgarten/maps, MIT)","features":[{"type":"Feature","properties":{"name":"강남구","region":"서울"},"geometry":{"type":"MultiPolygon","coordinates":[[[[960784,1947762],[961492,1947448],[961782,1947341],[961788,1947014],[961816,1946658],[961860,1946198],[961876,1946009],[961887,1945873],[961920,1945520],[961931,1945398],[961948,1945210],[961966,1944998],[962185,1944891],[962306,1944876],[962530,1944850],[962685,1944810],[963063,1944649],[963860,1944350],[964277,1944192],[964791,1943886],[964939,1943799],[965336,1943383],[965667,1942799],[965752,1942626],[965895,1942375],[966010,1942179],[966099,1942031],[966173,1941908],[966373,1941572],[966473,1941397],[966696,1941007],[966769,1940878],[966561,1940725],[966171,1940401],[966124,1940257],[966119,1940007],[965995,1940014],[965859,1940105],[965767,1940230],[965394,1940400],[965235,1940424],[965010,1940403],[965021,1940276],[964962,1940154],[964562,1939795],[964201,1939766],[964213,1939925],[964173,1940274],[964014,1940308],[963921,1940570],[963924,1940712],[963782,1940960],[963459,1941356],[963314,1941422],[963228,1941612],[963258,1941850],[963020,1941884],[962775,1941827],[962591,1941861],[962235,1941525],[962044,1941442],[961853,1941403],[961665,1941306],[961524,1941214],[961379,1941185],[961014,1941196],[960843,1941173],[960646,1941135],[960500,1941084],[960291,1941025],[960301,1941222],[960166,1941275],[960289,1941494],[960109,1941714],[959923,1941941],[959806,1942084],[959688,1942388],[959475,1942987],[958809,1942894],[958593,1943471],[958243,1944404],[958026,1944984],[957972,1945129],[957696,1945866],[957540,1946422],[957405,1947003],[957316,1947189],[957165,1947393],[957044,1947226],[956889,1947220],[956578,1947479],[956891,1947888],[957140,1948210],[957366,1948408],[957697,1948608],[957885,1948605],[958989,1948603],[959156,1948602],[959286,1948601],[959830,1948444],[960146,1948230],[960332,1948090],[960545,1947919],[960684,1947805],[960784,1947762]]]]}},{"type":"Feature","properties":{"name":"강동구","region":"서울"},"geometry":{"type":"MultiPolygon","coordinates":[[[[971453,1953348],[971335,1953214],[971362,1952885],[971434,1952763],[971542,1952584],[971665,1952244],[971686,1952117],[971693,1951962],[971794,1951666],[971852,1951545],[971907,1951369],[971916,1951225],[971895,1951101],[971855,1950483],[971987,1949976],[971968,1949846],[971980,1949720],[972045,1949585],[971844,1949742],[971674,1949741],[971510,1949679],[971356,1949600],[971194,1949635],[970988,1949612],[970561,1949551],[970422,1949531],[970245,1949571],[969972,1949186],[969658,1948737],[969433,1948412],[969408,1948088],[969389,1947959],[969361,1947826],[969027,1947360],[968878,1947042],[968713,1947021],[968612,1946737],[968637,1946453],[968408,1946541],[968259,1946624],[968061,1946735],[967647,1946967],[967192,1947222],[966362,1947687],[966552,1948261],[966733,1948880],[966124,1949251],[965941,1949319],[965817,1949365],[965695,1949387],[965490,1949387],[965679,1949803],[965684,1949990],[965688,1950187],[965866,1950515],[965979,1950789],[966053,1950997],[966200,1951188],[966701,1951637],[967154,1951904],[967402,1952010],[967657,1952111],[968002,1952179],[968703,1952177],[968999,1952177],[969202,1952327],[969375,1952456],[969533,1952575],[969703,1952675],[970052,1952974],[970187,1953080],[970575,1953340],[970743,1953342],[970884,1953344],[971024,1953371],[971246,1953455],[971379,1953525],[971486,1953400],[971453,1953348]]]]}},{"type":"Feature","properties":{"name":"강북구","region":"서울"},"geometry":{"type":"MultiPolygon","coordinates":[[[[957487,1963580],[957539,1963437],[957453,1963301],[957329,1963213],[957267,1963062],[957253,1962836],[957307,1962694],[957356,1962573],[957215,1962564],[957163,1962392],[957014,1961660],[956993,1961519],[957032,1961362],[957224,1961199],[957345,1961151],[957476,1961125],[957623,1961158],[957759,1961164],[958069,1960979],[958611,1960480],[958746,1960367],[958828,1960223],[958875,1960091],[958921,1959956],[959048,1959830],[959201,1959743],[959288,1959457],[959566,1959136],[959750,1958979],[959875,1958875],[960014,1958789],[960138,1958635],[960267,1958409],[960100,1958289],[959945,1958146],[959867,1957989],[959760,1957796],[959611,1957661],[959389,1957450],[959153,1957131],[958555,1956731],[958535,1957095],[958229,1957135],[957833,1956991],[957696,1957117],[957420,1957352],[957153,1957365],[956632,1957795],[956511,1958010],[956550,1958207],[956575,1958370],[956336,1958399],[955897,1958603],[955596,1958919],[955475,1959096],[955289,1959251],[954954,1959515],[954642,1959716],[954491,1959778],[954640,1960250],[954500,1960366],[954412,1960593],[954536,1960776],[954543,1960988],[954476,1961250],[954333,1961433],[954223,1961596],[954148,1961774],[954103,1961965],[954238,1962014],[954385,1962009],[954666,1962284],[954777,1962468],[954826,1962799],[954972,1962903],[955217,1962979],[955376,1963150],[955407,1963486],[955377,1964052],[955314,1964358],[955287,1964487],[955339,1964623],[955625,1964881],[956243,1965134],[956678,1965104],[956655,1964969],[956693,1964676],[956798,1964547],[957140,1964145],[957338,1963932],[957406,1963785],[957487,1963580]]]]}},{"type":"Feature","properties":{"name":"강서구","region":"서울"},"geometry":{"type":"MultiPolygon","coordinates":[[[[940427,1954628],[940641,1954458],[941016,1954247],[941250,1954065],[941431,1953926],[941937,1953523],[942402,1953123],[942721,1952861],[942922,1952687],[943235,1952344],[943748,1951928],[943889,1951817],[944033,1951710],[944350,1951543],[944627,1951373],[945280,1950949],[945175,1950789],[945063,1950591],[945066,1950444],[945292,1950054],[945052,1949933],[944905,1949926],[944747,1949918],[944626,1949925],[944490,1949964],[943913,1950372],[943773,1950131],[943712,1949891],[943651,1949653],[943709,1949456],[943792,1949250],[943786,1949077],[943764,1948666],[943804,1948022],[943318,1947948],[942741,1947862],[942470,1947821],[941728,1947669],[941444,1948258],[941277,1948608],[941206,1948760],[941139,1949157],[941087,1949371],[940859,1949370],[940788,1949589],[940826,1949862],[940798,1950018],[940606,1950030],[940457,1949717],[940450,1949574],[940407,1949367],[940114,1949255],[939991,1949264],[939867,1949264],[939742,1949256],[939601,1949245],[939354,1949256],[938862,1949551],[938552,1949552],[938325,1949494],[938202,1949390],[938096,1949265],[938061,1949128],[938112,1948947],[937893,1948870],[937696,1948750],[937624,1948905],[937612,1949198],[937661,1949359],[937329,1949636],[937011,1949867],[936882,1949870],[936746,1949871],[936213,1949949],[936118,1950109],[935994,1950201],[935864,1950199],[935739,1950179],[935296,1950542],[935288,1950673],[935186,1950797],[935045,1950902],[935284,1951060],[935440,1951114],[935586,1951123],[935808,1951352],[936017,1951632],[936176,1951463],[936192,1951646],[936152,1951839],[936003,1952074],[935952,1952241],[936149,1952135],[936457,1952309],[936535,1952554],[936610,1952886],[936886,1953072],[937048,1953133],[937191,1953311],[937399,1953725],[937637,1953813],[937642,1953973],[937617,1954138],[938004,1954379],[938234,1954506],[938303,1954674],[938228,1954968],[938086,1955149],[937998,1955276],[937959,1955518],[938026,1955854],[938206,1956133],[938441,1956408],[939006,1955916],[939139,1955794],[939301,1955670],[939439,1955578],[939752,1955322],[939826,1955191],[939973,1954995],[940156,1954847],[940289,1954739],[940427,1954628]]]]}},{"type":"Feature","properties":{"name":"관악구","region":"서울"},"geometry":{"type":"MultiPolygon","coordinates":[[[[950190,1943784],[950329,1943816],[950477,1943877],[950825,1943828],[951113,1944018],[951277,1943912],[951749,1943662],[951921,1943722],[952041,1943774],[952164,1943930],[952291,1943969],[952383,1943828],[952371,1943695],[952405,1943449],[952425,1943235],[952431,1943033],[952354,1942855],[952439,1942713],[952605,1942553],[952680,1942388],[952815,1942326],[952941,1942205],[953041,1942059],[953164,1942051],[953184,1941926],[953311,1941963],[953517,1942016],[953876,1942063],[954173,1942049],[954183,1941913],[954211,1941747],[954258,1941614],[954350,1941418],[954505,1941232],[954630,1941094],[954718,1940871],[954753,1940655],[954721,1940486],[954689,1940341],[954685,1940197],[954775,1940008],[954653,1939946],[954476,1939900],[954266,1939862],[953530,1939598],[953278,1939303],[953172,1939050],[953003,1938974],[952614,1938700],[952615,1938389],[952568,1938092],[952142,1937910],[951909,1937870],[951282,1937818],[950962,1937715],[950478,1937541],[950333,1937620],[950220,1937867],[950259,1937987],[950228,1938115],[950013,1938376],[949630,1938629],[949614,1938836],[949442,1939156],[949202,1939459],[948995,1939604],[948897,1939871],[948452,1939960],[948240,1939960],[948173,1940472],[948087,1940652],[948155,1940857],[947973,1941009],[947723,1941560],[947897,1941763],[947993,1942121],[947976,1942261],[947840,1942278],[947716,1942370],[947817,1942556],[947604,1942509],[947431,1942478],[947297,1942460],[947029,1942400],[946857,1942360],[946891,1942481],[946958,1942607],[947048,1942742],[947238,1943030],[947444,1943018],[947894,1943143],[948045,1943221],[948369,1943490],[948537,1943567],[948817,1943645],[949094,1943570],[949328,1944042],[949601,1944014],[949731,1943931],[950190,1943784]]]]}},{"type":"Feature","properties":{"name":"광진구","region":"서울"},"geometry":{"type":"MultiPolygon","coordinates":[[[[965017,1952421],[964939,1952144],[964817,1951623],[964779,1951433],[964785,1951309],[964863,1951177],[965106,1950859],[965235,1950863],[965335,1950990],[965513,1951094],[965758,1951143],[966015,1950893],[965908,1950586],[965688,1950201],[965684,1949990],[965679,1949803],[965480,1949387],[965419,1949247],[965024,1948825],[964840,1948644],[964152,1947966],[963889,1947707],[963757,1947584],[963551,1947456],[963427,1947379],[962885,1947155],[962717,1947126],[962478,1947132],[962253,1947189],[961782,1947341],[961603,1947394],[960789,1947762],[960884,1947974],[960939,1948099],[960999,1948233],[961062,1948373],[961123,1948504],[961258,1948800],[961381,1949073],[961485,1949301],[961793,1949976],[962224,1950922],[962352,1951203],[962332,1951592],[962435,1951849],[962539,1952004],[962753,1952583],[962966,1952557],[963454,1952466],[963633,1952466],[963837,1952338],[964126,1952433],[964253,1952448],[964629,1952671],[964757,1952785],[964825,1952633],[964954,1952619],[965022,1952435],[965017,1952421]]]]}},{"type":"Feature","properties":{"name":"구로구","region":"서울"},"geometry":{"type":"MultiPolygon","coordinates":[[[[944739,1945899],[944766,1946078],[944998,1946270],[945135,1946689],[945426,1946477],[945600,1946241],[945759,1946193],[945927,1946115],[946064,1946024],[946272,1945747],[946416,1945320],[946371,1945127],[946444,1944428],[946553,1943815],[946641,1943477],[946792,1943247],[946937,1943151],[947067,1943085],[947199,1943031],[947048,1942742],[946958,1942607],[946891,1942481],[946616,1942316],[946116,1942401],[945960,1942460],[945838,1942577],[945760,1942699],[945433,1943008],[945307,1943104],[945134,1943182],[944706,1943087],[944858,1943293],[944906,1943417],[944722,1943443],[944577,1943408],[944336,1943553],[944252,1943828],[944266,1944084],[944097,1944139],[943972,1943887],[943823,1943740],[943691,1943705],[943566,1943631],[943462,1943488],[943355,1943336],[943263,1943206],[943134,1943136],[942842,1942795],[942715,1942689],[942594,1942675],[942473,1942711],[942266,1942718],[942178,1942597],[942123,1941894],[941993,1941897],[941503,1941999],[941298,1941924],[941168,1941896],[941030,1942211],[940727,1942174],[940429,1942099],[940156,1942093],[939977,1942113],[939838,1942120],[939734,1941963],[939664,1941770],[939473,1941867],[939430,1942068],[939559,1942254],[939723,1942322],[939822,1942510],[939878,1942707],[939998,1943209],[940202,1943381],[939956,1943693],[939701,1943806],[939409,1943992],[939274,1944349],[939375,1944539],[939519,1944485],[939797,1944605],[940034,1944982],[940124,1945373],[940316,1945664],[940509,1945684],[940813,1945652],[940844,1945504],[940928,1945300],[941133,1945107],[941328,1945064],[941629,1945226],[942057,1945356],[942095,1945549],[942222,1945722],[942811,1945904],[943281,1945812],[943359,1945671],[943628,1945525],[943676,1945389],[943845,1945256],[944230,1945252],[944369,1945354],[944478,1945182],[944632,1945105],[944735,1945445],[944656,1945689],[944739,1945899]]]]}},{"type":"Feature","properties":{"name":"금천구","region":"서울"},"geometry":{"type":"MultiPolygon","coordinates":[[[[944581,1943174],[944706,1943087],[945134,1943182],[945266,1943123],[945401,1943033],[945692,1942782],[945793,1942647],[945877,1942524],[946054,1942416],[946585,1942295],[946862,1942383],[947028,1942399],[947290,1942458],[947415,1942486],[947604,1942509],[947817,1942556],[947720,1942405],[947781,1942266],[947976,1942261],[947993,1942121],[947952,1941861],[947671,1941660],[947973,1941009],[948141,1940855],[948085,1940721],[948173,1940472],[948177,1940017],[948452,1939960],[948897,1939871],[948975,1939638],[949124,1939450],[949440,1939245],[949438,1939121],[949050,1938714],[948957,1938567],[948872,1938387],[948755,1938196],[948530,1938038],[948239,1937964],[948089,1937931],[947933,1937769],[947906,1937586],[947806,1937403],[947672,1937334],[947503,1937325],[947226,1937389],[947085,1937638],[946847,1937891],[946887,1938080],[946791,1938339],[946554,1938666],[946544,1938961],[946454,1939280],[946400,1939453],[946209,1939406],[946028,1939406],[946019,1939543],[945950,1939679],[945725,1939854],[945687,1939989],[945642,1940214],[945706,1940361],[945830,1940383],[945952,1940366],[945801,1940587],[945623,1940540],[945425,1940740],[945577,1940893],[945311,1941299],[945195,1941482],[945086,1941667],[945003,1941804],[944876,1942065],[944768,1942310],[944678,1942533],[944600,1942762],[944462,1943047],[944520,1943170],[944581,1943174]]]]}},{"type":"Feature","properties":{"name":"노원구","region":"서울"},"geometry":{"type":"MultiPolygon","coordinates":[[[[963312,1966116],[963427,1965730],[963716,1965675],[963905,1965638],[964062,1965677],[964301,1965615],[964390,1965436],[964417,1965268],[964362,1965088],[964227,1964953],[964105,1964746],[964018,1964485],[964039,1964356],[964157,1964212],[964194,1964088],[964350,1963532],[964272,1963161],[964244,1963039],[964253,1962901],[964204,1962721],[964126,1962574],[964030,1962444],[963944,1962282],[963936,1962161],[964043,1961855],[964179,1961574],[964121,1961314],[964070,1961088],[964217,1960686],[964497,1960575],[964853,1960663],[965181,1960731],[965348,1960702],[965455,1960571],[965531,1960447],[965704,1960393],[965810,1959740],[965783,1959313],[965732,1959187],[965489,1958943],[965324,1958805],[965084,1958276],[965060,1958097],[965183,1957998],[964848,1957856],[964596,1957959],[964212,1957807],[963940,1957803],[963793,1957865],[963472,1957953],[963082,1957830],[962563,1957619],[962334,1957555],[962195,1957534],[962068,1957421],[961681,1957370],[961454,1957293],[961323,1957319],[960942,1957652],[960678,1957908],[960267,1958409],[960138,1958635],[960042,1958768],[959903,1958858],[959756,1958973],[959638,1959111],[959650,1959338],[959784,1959487],[959853,1959674],[959986,1960055],[960103,1960311],[960344,1960689],[960477,1960521],[960551,1960353],[960709,1960174],[960752,1960298],[960755,1960534],[960799,1960661],[960815,1960812],[960816,1960933],[960784,1961062],[960724,1961190],[960653,1961322],[960635,1961489],[960658,1961674],[960660,1961850],[960609,1962094],[960467,1962439],[960460,1962583],[960458,1962734],[960223,1963205],[960183,1963391],[960153,1963615],[960168,1963743],[960206,1963982],[960241,1964111],[960363,1964518],[960510,1964918],[960526,1965039],[960503,1965181],[960483,1965375],[960733,1965553],[960870,1965610],[961065,1965663],[961403,1966007],[961439,1966167],[961765,1966187],[961963,1966137],[962168,1966103],[962325,1966113],[962487,1966247],[962814,1966354],[963071,1966369],[963312,1966116]]]]}},{"type":"Feature","properties":{"name":"도봉구","region":"서울"},"geometry":{"type":"MultiPolygon","coordinates":[[[[957875,1966792],[958154,1966775],[958294,1966848],[958478,1966782],[958527,1966639],[958542,1966406],[958654,1966050],[958776,1965913],[959059,1965984],[959181,1966033],[959341,1966108],[959544,1966293],[959717,1966284],[959870,1966029],[960207,1966152],[960303,1965613],[960308,1965477],[960380,1965313],[960503,1965181],[960526,1965039],[960510,1964918],[960363,1964518],[960241,1964111],[960206,1963982],[960168,1963743],[960153,1963615],[960183,1963391],[960208,1963268],[960414,1962814],[960460,1962583],[960467,1962439],[960609,1962096],[960660,1961850],[960658,1961674],[960635,1961490],[960653,1961323],[960724,1961190],[960783,1961066],[960816,1960933],[960815,1960812],[960802,1960687],[960759,1960547],[960741,1960413],[960781,1960258],[960622,1960266],[960513,1960426],[960421,1960687],[960103,1960311],[960015,1960122],[959858,1959768],[959784,1959487],[959688,1959364],[959558,1959211],[959288,1959457],[959201,1959743],[959068,1959822],[958936,1959914],[958875,1960091],[958830,1960219],[958755,1960357],[958612,1960480],[958126,1960873],[957785,1961151],[957632,1961161],[957496,1961125],[957345,1961151],[957224,1961199],[957053,1961332],[956998,1961485],[957014,1961660],[957133,1962282],[957205,1962539],[957330,1962545],[957328,1962666],[957253,1962791],[957256,1963004],[957293,1963164],[957414,1963281],[957539,1963437],[957554,1963591],[957406,1963785],[957338,1963932],[957140,1964145],[956917,1964517],[956764,1964556],[956693,1964676],[956655,1964969],[956678,1965104],[956629,1965791],[956775,1966096],[956858,1966491],[956990,1966536],[957146,1966693],[957242,1966873],[957671,1966937],[957875,1966792]]]]}},{"type":"Feature","properties":{"name":"동대문구","region":"서울"},"geometry":{"type":"MultiPolygon","coordinates":[[[[962262,1955733],[962175,1955607],[961990,1955189],[962087,1954879],[962088,1954695],[962180,1954375],[962228,1954046],[962497,1953599],[962591,1953477],[962638,1953062],[962710,1952642],[962539,1952004],[962435,1951849],[962332,1951592],[962233,1951264],[962006,1951351],[961708,1951406],[961093,1951520],[960960,1951599],[960696,1951848],[960464,1952068],[960139,1952376],[959813,1952578],[959675,1952653],[959382,1952724],[959215,1952644],[959084,1952641],[958948,1952593],[958687,1952405],[958552,1952372],[958072,1952492],[957913,1952610],[957894,1953289],[958007,1953418],[958462,1953804],[958596,1953991],[958966,1954460],[959065,1954628],[959281,1954753],[959487,1955229],[959659,1955382],[960040,1955288],[960308,1955783],[960463,1955731],[960676,1955810],[960915,1955878],[961167,1955943],[961234,1956103],[961316,1956231],[961529,1956319],[961857,1956579],[961946,1956708],[962140,1956552],[962168,1956305],[962194,1956184],[962259,1956016],[962297,1955854],[962262,1955733]]]]}},{"type":"Feature","properties":{"name":"동작구","region":"서울"},"geometry":{"type":"MultiPolygon","coordinates":[[[[954290,1944182],[954276,1943800],[954266,1943641],[954216,1943033],[954173,1942049],[953876,1942063],[953517,1942016],[953362,1941977],[953222,1941937],[953041,1942059],[952941,1942205],[952815,1942326],[952695,1942382],[952605,1942553],[952439,1942713],[952353,1942839],[952431,1943033],[952425,1943235],[952405,1943449],[952371,1943695],[952383,1943828],[952316,1943949],[952171,1943952],[952041,1943774],[951921,1943722],[951749,1943662],[951377,1943849],[951211,1943974],[950825,1943828],[950546,1943883],[950343,1943828],[950190,1943784],[949826,1943887],[949601,1944014],[949430,1944134],[949097,1943613],[948817,1943645],[948537,1943567],[948369,1943490],[948110,1943286],[947953,1943166],[947494,1943023],[947238,1943030],[947522,1943460],[947801,1943876],[947887,1944004],[947957,1944141],[948037,1944265],[948162,1944298],[948314,1944321],[948521,1944376],[948680,1944418],[948813,1944837],[949136,1945821],[949332,1946098],[949364,1946220],[949348,1946367],[949839,1946406],[950393,1946456],[950541,1946473],[950692,1946500],[950864,1946532],[950987,1946555],[951141,1946583],[951306,1946613],[952011,1946343],[952446,1946118],[952716,1945862],[952878,1945761],[953063,1945695],[953190,1945648],[953516,1945486],[953924,1945381],[954077,1945378],[954050,1945144],[954259,1944850],[954416,1944730],[954318,1944360],[954290,1944182]]]]}},{"type":"Feature","properties":{"name":"마포구","region":"서울"},"geometry":{"type":"MultiPolygon","coordinates":[[[[946825,1953454],[947073,1953241],[947203,1953127],[947541,1952841],[947881,1952566],[948494,1952210],[948641,1952131],[948786,1952081],[948908,1952057],[949095,1952005],[949247,1951943],[949376,1951839],[949508,1951706],[949426,1951535],[949364,1951412],[949357,1951277],[949644,1951075],[949905,1950953],[950223,1950806],[950461,1950871],[950607,1950930],[951114,1950977],[951328,1950992],[951799,1951023],[952229,1951014],[952452,1951218],[952577,1951109],[952608,1950981],[952498,1950571],[952515,1950386],[952595,1950058],[952426,1949937],[952114,1949712],[952077,1949546],[952127,1949426],[951993,1949187],[951917,1949044],[951706,1948826],[951522,1948693],[951165,1948590],[950975,1948550],[950929,1948420],[950616,1948697],[950116,1949042],[949675,1949268],[949437,1949015],[949306,1949039],[949183,1949093],[949033,1949171],[948509,1949282],[947422,1949288],[947190,1949590],[946906,1950022],[946623,1950139],[945953,1950504],[945280,1950949],[944627,1951373],[944350,1951543],[944076,1951688],[943889,1951817],[943748,1951928],[943235,1952344],[942922,1952687],[942923,1952904],[943112,1952956],[943251,1952989],[943425,1953067],[943790,1953245],[944002,1953312],[944425,1953367],[944644,1953389],[944831,1953394],[944997,1953462],[945033,1953639],[944999,1953850],[945003,1954120],[945044,1954277],[945294,1954637],[945446,1954779],[945693,1954468],[945802,1954337],[945929,1954207],[946073,1954070],[946526,1953701],[946770,1953500],[946825,1953454]]]]}},{"type":"Feature","properties":{"name":"서대문구","region":"서울"},"geometry":{"type":"MultiPolygon","coordinates":[[[[952179,1955513],[952244,1955210],[952134,1954935],[952105,1954658],[952093,1954325],[952132,1954102],[952073,1953525],[951756,1953410],[951870,1953225],[952263,1952768],[952816,1952069],[953144,1951534],[952966,1951484],[952832,1951386],[952698,1951285],[952491,1951216],[952295,1951056],[951799,1951023],[951329,1950992],[951114,1950977],[950660,1950947],[950461,1950871],[950325,1950815],[949905,1950953],[949644,1951075],[949356,1951210],[949364,1951412],[949411,1951536],[949506,1951674],[949415,1951800],[949291,1951915],[949155,1951983],[948917,1952055],[948786,1952081],[948641,1952131],[948496,1952209],[947881,1952566],[947541,1952841],[947204,1953126],[947555,1953600],[947696,1953764],[948055,1954183],[948142,1954317],[948383,1954173],[948414,1953945],[948700,1953938],[948866,1953886],[949043,1954155],[949478,1954545],[949472,1954722],[949525,1954885],[949603,1955012],[949701,1955167],[949929,1955361],[950281,1955509],[950445,1955492],[950625,1955608],[950692,1955840],[950555,1955975],[950561,1956096],[950759,1956317],[950899,1956458],[951190,1956667],[951489,1956941],[951486,1956771],[951685,1956478],[951796,1956294],[951661,1956036],[951680,1955898],[951748,1955709],[952009,1955640],[952130,1955578],[952179,1955513]]]]}},{"type":"Feature","properties":{"name":"서초구","region":"서울"},"geometry":{"type":"MultiPolygon","coordinates":[[[[956889,1947220],[957044,1947226],[957141,1947363],[957315,1947190],[957392,1947056],[957519,1946514],[957696,1945866],[957972,1945129],[958026,1944984],[958243,1944404],[958593,1943471],[958809,1942894],[959487,1943009],[959684,1942399],[959779,1942129],[959923,1941941],[960109,1941714],[960289,1941494],[960108,1941282],[960248,1941263],[960307,1941130],[960500,1941084],[960646,1941135],[960843,1941173],[961014,1941196],[961283,1941190],[961524,1941214],[961665,1941306],[961853,1941403],[962044,1941442],[962216,1941505],[962591,1941861],[962775,1941827],[963020,1941884],[963240,1941914],[963228,1941612],[963305,1941423],[963446,1941373],[963782,1940960],[963887,1940801],[963925,1940598],[963911,1940423],[964126,1940274],[964213,1939925],[964201,1939766],[964073,1939731],[963822,1939366],[963631,1939031],[963587,1938907],[963590,1938753],[963571,1938547],[963185,1938330],[963104,1938193],[962975,1938089],[962766,1938097],[962635,1938143],[962495,1938191],[962361,1938202],[962152,1938207],[962157,1937887],[962293,1937710],[962228,1937557],[962039,1937190],[961923,1936915],[961576,1936755],[961173,1936849],[961052,1936806],[960493,1936722],[960219,1936835],[959955,1936934],[959943,1937083],[959827,1937243],[959676,1937419],[959403,1937721],[959269,1937769],[959048,1937779],[958916,1937861],[958884,1938020],[958961,1938143],[959087,1938333],[959137,1938471],[959152,1938620],[959119,1938960],[959046,1939156],[958941,1939324],[958986,1939553],[959057,1939687],[958870,1940210],[958783,1940425],[958837,1940560],[958715,1940748],[958543,1940816],[958400,1940668],[958323,1940418],[958110,1939984],[957681,1939777],[957520,1939729],[957156,1939635],[956873,1939706],[956715,1939776],[956582,1939910],[956223,1940557],[956205,1940750],[956185,1940957],[956027,1940995],[955767,1940997],[955558,1941011],[955536,1940672],[955497,1940415],[955277,1940366],[955015,1940225],[954889,1940134],[954775,1940008],[954708,1940131],[954678,1940276],[954721,1940486],[954749,1940618],[954733,1940789],[954663,1941057],[954505,1941232],[954350,1941418],[954282,1941553],[954233,1941681],[954185,1941887],[954173,1942022],[954212,1942941],[954266,1943641],[954276,1943800],[954290,1944182],[954294,1944318],[954513,1944635],[954341,1944789],[954050,1945144],[954077,1945378],[954254,1945377],[954379,1945375],[954530,1945376],[954763,1945746],[954912,1945977],[954991,1946100],[955222,1946283],[955434,1946450],[955559,1946548],[956037,1946936],[956496,1947375],[956889,1947220]]]]}},{"type":"Feature","properties":{"name":"성동구","region":"서울"},"geometry":{"type":"MultiPolygon","coordinates":[[[[959675,1952653],[959813,1952578],[960081,1952431],[960464,1952068],[960696,1951848],[960946,1951612],[961087,1951521],[961708,1951406],[962006,1951351],[962200,1951280],[962352,1951203],[962224,1950922],[961793,1949976],[961485,1949301],[961381,1949073],[961258,1948800],[961135,1948529],[961062,1948373],[960999,1948233],[960939,1948099],[960884,1947974],[960789,1947762],[960545,1947919],[960424,1948019],[960146,1948230],[959940,1948386],[959394,1948600],[959181,1948601],[958989,1948603],[957885,1948605],[957697,1948608],[957366,1948408],[957369,1948531],[957375,1948765],[957155,1948913],[956996,1948952],[956842,1948968],[956707,1949009],[956607,1949253],[956624,1949536],[956635,1949860],[956798,1949984],[956995,1950190],[957276,1950518],[957343,1950698],[957369,1950832],[957553,1951007],[957863,1951053],[957906,1951371],[958132,1951577],[958201,1951716],[958207,1951838],[957926,1951866],[957913,1952610],[958072,1952492],[958521,1952375],[958665,1952394],[958866,1952549],[958990,1952613],[959115,1952644],[959382,1952724],[959606,1952690],[959675,1952653]]]]}},{"type":"Feature","properties":{"name":"성북구","region":"서울"},"geometry":{"type":"MultiPolygon","coordinates":[[[[955475,1959096],[955573,1958967],[955815,1958646],[956336,1958399],[956574,1958400],[956550,1958207],[956510,1958049],[956559,1957913],[957153,1957365],[957376,1957366],[957594,1957208],[957803,1957096],[958229,1957135],[958535,1957095],[958555,1956731],[959153,1957131],[959389,1957450],[959611,1957661],[959750,1957784],[959866,1957986],[959942,1958143],[960082,1958276],[960267,1958409],[960616,1957987],[960942,1957652],[961270,1957356],[961454,1957293],[961681,1957370],[962056,1957420],[962201,1957206],[962140,1956552],[961992,1956626],[961857,1956579],[961639,1956321],[961379,1956286],[961234,1956103],[961167,1955943],[960915,1955878],[960676,1955810],[960463,1955731],[960384,1955851],[960049,1955325],[959659,1955382],[959487,1955229],[959281,1954753],[959056,1954743],[959029,1954557],[958596,1953991],[958462,1953804],[958007,1953418],[957894,1953289],[957509,1953235],[957421,1953468],[957338,1953646],[957170,1953761],[956780,1953543],[956615,1953566],[956434,1954130],[956217,1954375],[956064,1954522],[955988,1954645],[955796,1954886],[955563,1954869],[955293,1954820],[954949,1954791],[954605,1955108],[954477,1955122],[954353,1955167],[954227,1955230],[954018,1955348],[953844,1955492],[953877,1955710],[953949,1955841],[954329,1955995],[954621,1956148],[954698,1956420],[954654,1956603],[954622,1956796],[954615,1956955],[954651,1957189],[954620,1957380],[954509,1957519],[954437,1957716],[954389,1957880],[954425,1958072],[954386,1958199],[954276,1958444],[954194,1958564],[954120,1958885],[953977,1958998],[953780,1958977],[953651,1959043],[953684,1959210],[953854,1959407],[954342,1959717],[954470,1959789],[954595,1959736],[954954,1959515],[955289,1959251],[955475,1959096]]]]}},{"type":"Feature","properties":{"name":"송파구","region":"서울"},"geometry":{"type":"MultiPolygon","coordinates":[[[[966733,1948880],[966553,1948261],[966362,1947687],[967192,1947222],[967647,1946967],[968049,1946731],[968259,1946624],[968408,1946541],[968637,1946453],[968594,1946318],[968366,1946321],[968298,1945935],[968205,1945680],[968184,1945559],[968302,1945358],[968273,1945206],[968484,1945076],[968670,1944957],[968981,1945028],[969111,1945069],[969235,1944932],[969633,1944788],[969740,1944923],[969992,1944702],[970073,1944547],[969934,1944104],[969947,1943956],[969902,1943835],[969736,1943492],[969713,1943371],[969540,1943257],[969095,1942947],[968940,1942814],[968859,1942657],[968828,1942475],[968820,1942336],[968803,1942066],[968682,1942064],[968556,1942071],[968491,1941841],[968480,1941694],[968130,1941712],[967962,1941720],[967768,1941731],[967561,1941769],[967515,1941609],[967529,1941217],[967529,1941083],[967359,1941013],[967223,1941036],[966988,1941111],[966858,1941222],[966856,1941081],[966838,1940959],[966696,1941007],[966473,1941397],[966373,1941572],[966173,1941908],[966099,1942031],[966010,1942179],[965895,1942375],[965783,1942567],[965721,1942687],[965336,1943383],[964939,1943799],[964791,1943886],[964277,1944192],[963860,1944350],[963175,1944601],[962685,1944810],[962530,1944850],[962341,1944873],[962185,1944891],[961977,1944917],[961958,1945091],[961940,1945291],[961924,1945479],[961897,1945756],[961876,1946009],[961860,1946198],[961816,1946658],[961788,1947014],[961782,1947341],[962216,1947201],[962364,1947155],[962603,1947111],[962885,1947155],[963386,1947354],[963551,1947456],[963757,1947584],[963889,1947707],[964152,1947966],[964840,1948644],[965024,1948825],[965395,1949192],[965453,1949324],[965695,1949387],[965822,1949386],[966124,1949251],[966733,1948880]]]]}},{"type":"Feature","properties":{"name":"양천구","region":"서울"},"geometry":{"type":"MultiPolygon","coordinates":[[[[944739,1945899],[944661,1945727],[944717,1945530],[944633,1945106],[944482,1945170],[944376,1945351],[944247,1945257],[943845,1945256],[943720,1945302],[943670,1945433],[943359,1945671],[943281,1945812],[942912,1945849],[942312,1945783],[942135,1945612],[942053,1945453],[941629,1945226],[941348,1945068],[941133,1945107],[940964,1945248],[940838,1945437],[940874,1945605],[940622,1945712],[940316,1945664],[940214,1946394],[940315,1946743],[940389,1946920],[940411,1947073],[940391,1947239],[940455,1947435],[940618,1947588],[940643,1947959],[940497,1948045],[940366,1948095],[940224,1948360],[940093,1948631],[940098,1949057],[940114,1949255],[940316,1949332],[940465,1949505],[940432,1949647],[940589,1950003],[940778,1950031],[940826,1949862],[940792,1949651],[940813,1949455],[941002,1949375],[941139,1949157],[941264,1948829],[941270,1948623],[941444,1948258],[941723,1947674],[942468,1947820],[942741,1947862],[943318,1947948],[943803,1948021],[943764,1948666],[943786,1949075],[943795,1949198],[943773,1949345],[943664,1949561],[943712,1949891],[943773,1950131],[943806,1950258],[943837,1950380],[944413,1950004],[944545,1949944],[944675,1949919],[944870,1949924],[945052,1949933],[945255,1950003],[945391,1949924],[945605,1949578],[945776,1949133],[945830,1949011],[945900,1948870],[945974,1948738],[946073,1948615],[946150,1948219],[946080,1948069],[945952,1948078],[945307,1947783],[945106,1947521],[945120,1947250],[945150,1947110],[945163,1946989],[945064,1946864],[945072,1946732],[944993,1946314],[944872,1946097],[944676,1945965],[944739,1945899]]]]}},{"type":"Feature","properties":{"name":"영등포구","region":"서울"},"geometry":{"type":"MultiPolygon","coordinates":[[[[949364,1949017],[949675,1949268],[950116,1949042],[950616,1948697],[950929,1948420],[951155,1948068],[951246,1947904],[951337,1947756],[951391,1947485],[951390,1947267],[951387,1946612],[951141,1946583],[950987,1946555],[950864,1946532],[950692,1946500],[950541,1946473],[950419,1946457],[949839,1946406],[949351,1946405],[949364,1946220],[949332,1946098],[949136,1945821],[948813,1944837],[948754,1944519],[948588,1944394],[948314,1944321],[948174,1944299],[948050,1944273],[947960,1944147],[947887,1944004],[947802,1943874],[947522,1943460],[947309,1943137],[947098,1943072],[946969,1943132],[946837,1943214],[946641,1943477],[946567,1943742],[946453,1944371],[946333,1945084],[946433,1945234],[946290,1945705],[946064,1946024],[945927,1946115],[945759,1946193],[945616,1946230],[945450,1946388],[945169,1946684],[945052,1946822],[945160,1946966],[945152,1947091],[945129,1947216],[945094,1947442],[945278,1947762],[945852,1948051],[946080,1948069],[946150,1948219],[946118,1948498],[946064,1948628],[945953,1948773],[945830,1949011],[945776,1949133],[945645,1949511],[945391,1949924],[945292,1950054],[945066,1950444],[945063,1950591],[945171,1950781],[945280,1950949],[945840,1950593],[946623,1950139],[946906,1950022],[947158,1949691],[947366,1949371],[948509,1949282],[948921,1949280],[949183,1949093],[949306,1949039],[949364,1949017]]]]}},{"type":"Feature","properties":{"name":"용산구","region":"서울"},"geometry":{"type":"MultiPolygon","coordinates":[[[[953238,1950635],[953447,1950686],[953701,1950579],[953766,1950781],[953964,1950655],[954088,1950574],[954420,1950537],[954548,1950609],[954750,1950358],[955158,1950202],[955244,1950068],[955411,1949886],[955541,1949950],[955607,1950099],[955738,1950169],[955906,1950174],[956066,1950150],[956216,1950212],[956336,1949933],[956274,1949769],[956363,1949646],[956472,1949506],[956594,1949529],[956598,1949299],[956654,1949073],[956842,1948968],[956996,1948952],[957155,1948913],[957355,1948823],[957370,1948596],[957367,1948458],[957140,1948210],[956891,1947888],[956578,1947479],[956099,1946990],[955588,1946571],[955447,1946461],[955222,1946283],[954991,1946100],[954912,1945977],[954763,1945746],[954531,1945377],[954379,1945375],[954254,1945377],[954077,1945378],[953924,1945381],[953516,1945486],[953190,1945648],[953066,1945693],[952927,1945742],[952783,1945820],[952553,1946018],[952011,1946343],[951387,1946612],[951390,1947267],[951391,1947485],[951392,1947667],[951298,1947819],[951177,1948016],[950929,1948420],[950975,1948550],[951118,1948613],[951491,1948681],[951682,1948809],[951820,1949000],[952000,1949169],[952108,1949335],[952067,1949478],[952104,1949681],[952426,1949937],[952557,1950074],[952515,1950386],[952702,1950570],[952909,1950706],[953116,1950834],[953129,1950683],[953238,1950635]]]]}},{"type":"Feature","properties":{"name":"은평구","region":"서울"},"geometry":{"type":"MultiPolygon","coordinates":[[[[951637,1961852],[951769,1961856],[951947,1961786],[952112,1961621],[952220,1961045],[952265,1960724],[952295,1960433],[952580,1959730],[952613,1959600],[952648,1959444],[952336,1959060],[952212,1959028],[951960,1958898],[951507,1958694],[951378,1958463],[951448,1957905],[951524,1957486],[951529,1957299],[951461,1957099],[951489,1956941],[951294,1956722],[950908,1956466],[950759,1956317],[950567,1956112],[950555,1955975],[950692,1955840],[950645,1955623],[950453,1955492],[950281,1955509],[949929,1955361],[949701,1955167],[949603,1955012],[949525,1954885],[949472,1954722],[949468,1954597],[949042,1954181],[948866,1953886],[948715,1953934],[948466,1953912],[948383,1954173],[948161,1954365],[948091,1954227],[947696,1953764],[947555,1953600],[947187,1953193],[946825,1953454],[946606,1953635],[946141,1954015],[945978,1954159],[945855,1954282],[945734,1954416],[945446,1954779],[945700,1955082],[945857,1955113],[945834,1954973],[945754,1954842],[945778,1954636],[945934,1954540],[946273,1954515],[946751,1954523],[946998,1954660],[946993,1954868],[947064,1955147],[947141,1955379],[947141,1955600],[947126,1955809],[947039,1956008],[947052,1956136],[947225,1956204],[947195,1956423],[947111,1956726],[947071,1957031],[947134,1957217],[947238,1957605],[947347,1957878],[947512,1957903],[947542,1958075],[947654,1958198],[947680,1958387],[947711,1958570],[947815,1958699],[947842,1958831],[947835,1958977],[947702,1959210],[947607,1959472],[947776,1959539],[948019,1959702],[948050,1960331],[948151,1960700],[947642,1961079],[947496,1961238],[947830,1961045],[947978,1960930],[948123,1960816],[948279,1960748],[949086,1960867],[949208,1960900],[949443,1961094],[949855,1961355],[950062,1961399],[950184,1961436],[950307,1961526],[950420,1961729],[950499,1961901],[950596,1962031],[950791,1962171],[951269,1962331],[951290,1962119],[951468,1961966],[951607,1961859],[951637,1961852]]]]}},{"type":"Feature","properties":{"name":"종로구","region":"서울"},"geometry":{"type":"MultiPolygon","coordinates":[[[[953651,1959043],[953780,1958977],[953977,1958998],[954110,1958915],[954085,1958669],[954262,1958465],[954386,1958199],[954425,1958072],[954389,1957880],[954437,1957716],[954509,1957519],[954620,1957380],[954651,1957189],[954613,1957045],[954622,1956796],[954654,1956603],[954698,1956420],[954699,1956253],[954329,1955995],[954058,1955883],[953894,1955776],[953850,1955599],[953985,1955375],[954227,1955230],[954353,1955167],[954477,1955122],[954605,1955108],[954845,1954850],[955293,1954820],[955563,1954869],[955723,1954904],[956003,1954723],[956053,1954536],[956217,1954375],[956434,1954130],[956615,1953566],[956780,1953543],[957155,1953768],[957286,1953723],[957421,1953468],[957509,1953235],[957778,1953383],[957910,1952611],[957526,1952513],[957377,1952410],[956732,1952380],[956435,1952366],[956139,1952367],[955993,1952359],[955844,1952323],[955717,1952293],[955573,1952269],[955040,1952215],[954915,1952205],[954665,1952220],[954056,1952313],[953870,1952343],[953697,1952353],[953116,1952230],[952903,1951962],[952263,1952768],[951870,1953225],[951751,1953403],[952073,1953525],[952131,1954078],[952101,1954211],[952095,1954546],[952134,1954935],[952199,1955113],[952179,1955513],[952027,1955629],[951820,1955659],[951680,1955898],[951661,1956036],[951768,1956258],[951685,1956478],[951505,1956690],[951489,1956941],[951446,1957064],[951501,1957190],[951524,1957486],[951448,1957905],[951368,1958344],[951441,1958575],[951960,1958898],[952212,1959028],[952362,1959061],[952734,1959124],[952978,1959161],[953503,1959343],[953711,1959271],[953665,1959132],[953651,1959043]]]]}},{"type":"Feature","properties":{"name":"중구","region":"서울"},"geometry":{"type":"MultiPolygon","coordinates":[[[[957913,1952610],[957926,1951866],[958207,1951838],[958201,1951716],[958132,1951577],[957906,1951371],[957863,1951053],[957572,1950991],[957435,1950947],[957343,1950698],[957276,1950518],[956995,1950190],[956858,1950018],[956737,1949969],[956552,1949635],[956475,1949506],[956363,1949646],[956275,1949767],[956304,1949894],[956238,1950167],[956066,1950150],[955906,1950174],[955738,1950169],[955607,1950099],[955546,1949967],[955419,1949888],[955244,1950068],[955158,1950202],[954842,1950365],[954548,1950609],[954420,1950537],[954088,1950574],[953958,1950560],[953829,1950758],[953754,1950545],[953447,1950686],[953327,1950658],[953191,1950645],[953116,1950834],[952909,1950706],[952702,1950570],[952515,1950386],[952498,1950571],[952609,1950969],[952577,1951109],[952446,1951144],[952599,1951231],[952747,1951320],[952871,1951422],[953144,1951534],[952903,1951962],[953116,1952230],[953697,1952353],[953870,1952343],[954056,1952313],[954665,1952220],[954804,1952208],[954928,1952205],[955509,1952261],[955665,1952282],[955828,1952319],[955993,1952359],[956139,1952367],[956435,1952366],[956714,1952379],[957377,1952410],[957526,1952513],[957890,1952617],[957913,1952610]]]]}},{"type":"Feature","properties":{"name":"중랑구","region":"서울"},"geometry":{"type":"MultiPolygon","coordinates":[[[[966026,1957858],[966222,1957547],[966181,1957349],[966230,1957048],[966185,1956747],[966291,1956296],[966065,1955875],[965936,1955705],[966057,1955430],[966141,1955267],[966159,1955026],[966015,1954968],[965844,1954899],[965582,1954298],[965562,1954134],[965511,1953928],[965337,1953751],[965146,1953649],[964986,1953542],[964948,1953355],[964853,1953205],[964781,1953041],[964760,1952834],[964629,1952671],[964253,1952448],[964126,1952433],[963837,1952338],[963658,1952391],[963454,1952466],[962966,1952557],[962753,1952583],[962638,1953062],[962603,1953412],[962573,1953534],[962228,1954046],[962180,1954375],[962088,1954695],[962087,1954878],[961990,1955189],[962103,1955545],[962219,1955665],[962285,1955787],[962259,1956016],[962209,1956141],[962168,1956305],[962150,1956449],[962201,1957206],[962056,1957420],[962195,1957534],[962334,1957555],[962563,1957619],[963082,1957830],[963472,1957953],[963793,1957865],[963940,1957803],[964210,1957807],[964596,1957959],[964777,1957848],[965134,1957916],[965699,1957987],[966026,1957858]]]]}},{"type":"Feature","properties":{"name":"강화군","region":"인천"},"geometry":{"type":"MultiPolygon","coordinates":[[[[865379,1957493],[865128,1957431],[865095,1957580],[865299,1957897],[865437,1957990],[865561,1957993],[865739,1957775],[865679,1957653],[865528,1957629],[865393,1957567],[865379,1957493]]],[[[891465,1962013],[891378,1962250],[891506,1962337],[891578,1962212],[891465,1962013]]],[[[888541,1962327],[888774,1962138],[889279,1962177],[889491,1962228],[889646,1962274],[889808,1962296],[890041,1962286],[890280,1962096],[890332,1961895],[890151,1961833],[890050,1961513],[890007,1961294],[889956,1961138],[889835,1961135],[889788,1960661],[889907,1960069],[890008,1959905],[890188,1959792],[890476,1959660],[890606,1959603],[890739,1959457],[890810,1959210],[890685,1959310],[890262,1959594],[890124,1959622],[889992,1959652],[889855,1959690],[889561,1959798],[889367,1959890],[889160,1960028],[888790,1960319],[888340,1960717],[888120,1961023],[887685,1961782],[887610,1961931],[887440,1962113],[887340,1962258],[887387,1962384],[887514,1962312],[887590,1962189],[887794,1962065],[887959,1962193],[888108,1962409],[888140,1962543],[888306,1962542],[888497,1962426],[888541,1962327]]],[[[888354,1963202],[888617,1963199],[888392,1963045],[888265,1962994],[887934,1963001],[887647,1962939],[887404,1962938],[887332,1963407],[887310,1963654],[887521,1963684],[887796,1963503],[887939,1963395],[888192,1963255],[888314,1963209],[888354,1963202]]],[[[884952,1965831],[884993,1965523],[885103,1965249],[885209,1965054],[885495,1964639],[885785,1964125],[886056,1963887],[886224,1963808],[886144,1963492],[885971,1963336],[885851,1963211],[885761,1963062],[885746,1962929],[885779,1962730],[885340,1962869],[884850,1963008],[884698,1962878],[884562,1962796],[884379,1962865],[884554,1962957],[884680,1963087],[884674,1963243],[884585,1963421],[884470,1963583],[884298,1963725],[884036,1963935],[883839,1964062],[883524,1964252],[883084,1964210],[882598,1964106],[882561,1963952],[882392,1963952],[881980,1964226],[881855,1964353],[881803,1964489],[881504,1964534],[881392,1964975],[881514,1965046],[881550,1964887],[881759,1964854],[881892,1964906],[882362,1965133],[882574,1965041],[882727,1964958],[882854,1964935],[882978,1964945],[883131,1964968],[883938,1965451],[884219,1965729],[884385,1965744],[884555,1965891],[884675,1966014],[884727,1966185],[884857,1966238],[885014,1966214],[885012,1966091],[884956,1965885],[884952,1965831]]],[[[900739,1966305],[900495,1966316],[900346,1966410],[900283,1966574],[900551,1966671],[900746,1966521],[900787,1966372],[900739,1966305]]],[[[879969,1966021],[880089,1966059],[880312,1966002],[880443,1965655],[880462,1965533],[879986,1965450],[879564,1965653],[879354,1965760],[879212,1965807],[879090,1965723],[878924,1965601],[878817,1965848],[878518,1966120],[878574,1966493],[878760,1966696],[878926,1966745],[879016,1966614],[879153,1966565],[879289,1966565],[879412,1966392],[879610,1966161],[879927,1966029],[879969,1966021]]],[[[896796,1968830],[896937,1968864],[896942,1968681],[896819,1968636],[896685,1968624],[896482,1968635],[896417,1968806],[896561,1968928],[896683,1968890],[896796,1968830]]],[[[886473,1969473],[886335,1969480],[886334,1969989],[886495,1969908],[886533,1969771],[886566,1969555],[886473,1969473]]],[[[889659,1969504],[889653,1969373],[889221,1969310],[888885,1969273],[888271,1969251],[887983,1969430],[887842,1969473],[887660,1969479],[887398,1969528],[887118,1969658],[887046,1969821],[887282,1969934],[887415,1969947],[887552,1970033],[887874,1970679],[888087,1970926],[888195,1971050],[888523,1971072],[888609,1970946],[888653,1970790],[888749,1970066],[888790,1969884],[889363,1969623],[889659,1969504]]],[[[891461,1970530],[891583,1970304],[891304,1970172],[891086,1970247],[890844,1970351],[890694,1970207],[890562,1970248],[890579,1970609],[890532,1970968],[890600,1971178],[890834,1971283],[890936,1971439],[891115,1971645],[891238,1971634],[891286,1971501],[891325,1971191],[891461,1970530]]],[[[892660,1972565],[892506,1972514],[892536,1972636],[892810,1972886],[893090,1972860],[893087,1972734],[892733,1972669],[892660,1972565]]],[[[896891,1972501],[896833,1972375],[896597,1972176],[896452,1972034],[896106,1971480],[896141,1971351],[895934,1970747],[895768,1969958],[895743,1969579],[895752,1969309],[895812,1969061],[895853,1968930],[895941,1968767],[896197,1968444],[896475,1968256],[896644,1968228],[896877,1968024],[897153,1967679],[897292,1967518],[897596,1967280],[897989,1967062],[898460,1966933],[898944,1966885],[899217,1966751],[899557,1966725],[899738,1966842],[900054,1966720],[900121,1966599],[900089,1966415],[900182,1966265],[900332,1966168],[900587,1966061],[900797,1965938],[900935,1965771],[901140,1965406],[901151,1965254],[901086,1965062],[901023,1964837],[900942,1964482],[900921,1964301],[900815,1963862],[900756,1963738],[900624,1963527],[900426,1963311],[900284,1963252],[899914,1963173],[899716,1963049],[899576,1962960],[899445,1962785],[899136,1962410],[898865,1962270],[898719,1962287],[898548,1962098],[898429,1961969],[897919,1961859],[897954,1961585],[898054,1961260],[897859,1961050],[897519,1961176],[897523,1961446],[897121,1961929],[896686,1962157],[896566,1962276],[896415,1962548],[896329,1962873],[896488,1963072],[896611,1963200],[896704,1964050],[896467,1964256],[896295,1964431],[895961,1965081],[895850,1965369],[895548,1965668],[895114,1965923],[894527,1966169],[893968,1966436],[893739,1966547],[893217,1966885],[893053,1967067],[893034,1967195],[893040,1967393],[892801,1967636],[892672,1967737],[892169,1968101],[891694,1968434],[891551,1968558],[891775,1968793],[892029,1968763],[892142,1968587],[892392,1968460],[892643,1968411],[892779,1968544],[893060,1968819],[893139,1968958],[893180,1969178],[893152,1969397],[893202,1969650],[893261,1969861],[893308,1970048],[893333,1970168],[893184,1970590],[893270,1971091],[893341,1971774],[893302,1972085],[893618,1972360],[893980,1972443],[894117,1972446],[894284,1972445],[894551,1972469],[894739,1972530],[895224,1972770],[895585,1973031],[895815,1973175],[896001,1973189],[896174,1973151],[896366,1973106],[896887,1972690],[896899,1972551],[896891,1972501]]],[[[891418,1980222],[891871,1980000],[892334,1979766],[892760,1979478],[892885,1979395],[893026,1979314],[893342,1979149],[893499,1979096],[893822,1978930],[893845,1978775],[894159,1978735],[894315,1978783],[894594,1978809],[895318,1978721],[895525,1978698],[895694,1978744],[896247,1978939],[896431,1979205],[896432,1979350],[896561,1979334],[896788,1979105],[896864,1978870],[896921,1978741],[897178,1978419],[897289,1978110],[897118,1977946],[897005,1977779],[897014,1977572],[897046,1977419],[897072,1977249],[896648,1977018],[896077,1976261],[895852,1975817],[895635,1975552],[895257,1975405],[894813,1975192],[894437,1974971],[893631,1974577],[893546,1974407],[893234,1974626],[892873,1974907],[892672,1975001],[892538,1975049],[891855,1975088],[891436,1974955],[890994,1974794],[890819,1974599],[890652,1974600],[890371,1974654],[889923,1974739],[889793,1974719],[889690,1974584],[889349,1974421],[889209,1974532],[889067,1974347],[889080,1974214],[889071,1973952],[888966,1973788],[888385,1973149],[888153,1973233],[887829,1973416],[887691,1973516],[887422,1973738],[887343,1973860],[886794,1974523],[886169,1975083],[886048,1975080],[885900,1975247],[885892,1975483],[885976,1975608],[886267,1975686],[886448,1975721],[886629,1975862],[886958,1976163],[887041,1976407],[887091,1976544],[887170,1976738],[887396,1976964],[887486,1977127],[887528,1977298],[887554,1977631],[887387,1977707],[887232,1977794],[887197,1978024],[887355,1978251],[887660,1978598],[887635,1978739],[887564,1978876],[887604,1979137],[887982,1979425],[888193,1979565],[888512,1979867],[888668,1980068],[888951,1980366],[889145,1980477],[889296,1980398],[889636,1980195],[890575,1980163],[890850,1980260],[890995,1980347],[891187,1980494],[891418,1980222]]],[[[906603,1981072],[906824,1980818],[906950,1980846],[907098,1980744],[907120,1980554],[907382,1980103],[907652,1979716],[907866,1979446],[908068,1979266],[908284,1979095],[908449,1978971],[908810,1978758],[909134,1978535],[909270,1978392],[909426,1978247],[910003,1977774],[910679,1977294],[910869,1977158],[911237,1977006],[911515,1976898],[911640,1976849],[911832,1976827],[912235,1976610],[912411,1976477],[912550,1976316],[912655,1976066],[912671,1975920],[912652,1975794],[912650,1975636],[912696,1975476],[912833,1975312],[912948,1975185],[913034,1975061],[912905,1974693],[912849,1974368],[912901,1974189],[913177,1973680],[913451,1973226],[913618,1972984],[913725,1972855],[913909,1972666],[914038,1972575],[914167,1972566],[914229,1972444],[914195,1972251],[914057,1971779],[914102,1971619],[914000,1971476],[913614,1971002],[913537,1970877],[913367,1970585],[913176,1970224],[913122,1970095],[913089,1969955],[912971,1969059],[912973,1968908],[913020,1968732],[913088,1968521],[913145,1968382],[913318,1968080],[913477,1967977],[913636,1967897],[914007,1967552],[914082,1967371],[913953,1967304],[913799,1967081],[913742,1966961],[913683,1966772],[913614,1966434],[913568,1966088],[913509,1965768],[913577,1965424],[913592,1965302],[913554,1965164],[913357,1964938],[913317,1964775],[913310,1964368],[913421,1964074],[913589,1963813],[913710,1963681],[913840,1963566],[913987,1963494],[914142,1963420],[914365,1963457],[914605,1963347],[914664,1963189],[914672,1962818],[914344,1962718],[914083,1962655],[913857,1962387],[913754,1962023],[913874,1961849],[914013,1961699],[914147,1961373],[914043,1961214],[913841,1961182],[914092,1961024],[914131,1960883],[914197,1960676],[914277,1960435],[914344,1960277],[914554,1960039],[914745,1959398],[914782,1959104],[914775,1958875],[914869,1958521],[915007,1958551],[915030,1958693],[915116,1958829],[915294,1958776],[915416,1958606],[915495,1958462],[915613,1958198],[915620,1958073],[915483,1958017],[915241,1958015],[914880,1957961],[914769,1957600],[914567,1957569],[913774,1957341],[913557,1957269],[913510,1957080],[913266,1956681],[913046,1956111],[913055,1955728],[913289,1955878],[913718,1955889],[913839,1955784],[913404,1955439],[913292,1955315],[913303,1955194],[913507,1954969],[913665,1954938],[913815,1954953],[914016,1954799],[914024,1954590],[913751,1954377],[913259,1953883],[913133,1953843],[912866,1953949],[912660,1954048],[912640,1954210],[912510,1954413],[912357,1954489],[912199,1954608],[912109,1954826],[912007,1954970],[912089,1955095],[912372,1955183],[912498,1955189],[912870,1955332],[913030,1955667],[912896,1955991],[912776,1955887],[912674,1955700],[912120,1955674],[911992,1955701],[911860,1955785],[911664,1955877],[911206,1956015],[910820,1956108],[910597,1956222],[910358,1956389],[910283,1956512],[909937,1956696],[909766,1956534],[909801,1956237],[909846,1956104],[909795,1955981],[909622,1955919],[909355,1955829],[908699,1955629],[908506,1955578],[908412,1954972],[908275,1955025],[908238,1955173],[907866,1955400],[907051,1955536],[906667,1955468],[906357,1955335],[904790,1955418],[904166,1955457],[903903,1955507],[903395,1955512],[903240,1955526],[902533,1955992],[902383,1956193],[902292,1956313],[902048,1956405],[901870,1956516],[901737,1956643],[901627,1956864],[901504,1957142],[901346,1957173],[901083,1957258],[900871,1957484],[900697,1957561],[900521,1957525],[900352,1957546],[900275,1957718],[900396,1957780],[900531,1957767],[900661,1957796],[900835,1957881],[900947,1958034],[900943,1958293],[900783,1958695],[900744,1958977],[900719,1959276],[900711,1959431],[900659,1959630],[900537,1959833],[900266,1959944],[900127,1959939],[899989,1960011],[899951,1960152],[900207,1960308],[900330,1960335],[900650,1960256],[900774,1960248],[900895,1960254],[901141,1960345],[901447,1960445],[901609,1960469],[901767,1960545],[901898,1960657],[902029,1960710],[902162,1960765],[902290,1960712],[902478,1960588],[902618,1960603],[902741,1960634],[902934,1960756],[903209,1960945],[903331,1961079],[903371,1961200],[903512,1961364],[903478,1961580],[903559,1961711],[903700,1961767],[903908,1961798],[903941,1961927],[903871,1962177],[903841,1962299],[903804,1962530],[903848,1962730],[903718,1963137],[903661,1963297],[903475,1963630],[903514,1963856],[903452,1964222],[903318,1964595],[902905,1965024],[902519,1965394],[902245,1965670],[901963,1966183],[902088,1966292],[902300,1966638],[902274,1966789],[902051,1967053],[901934,1967177],[901796,1967275],[901251,1967358],[900776,1967362],[900633,1967563],[900467,1967639],[900320,1967696],[900155,1967743],[899809,1967797],[899548,1967747],[899151,1968008],[899095,1968148],[899069,1968323],[898849,1968876],[898762,1969052],[898743,1969173],[898876,1969286],[898920,1969473],[898969,1969906],[898938,1970036],[898807,1971116],[898827,1971513],[898848,1971785],[899032,1971885],[899297,1971887],[899085,1971957],[898958,1972305],[899062,1973148],[899157,1973731],[899191,1974242],[899159,1974715],[899063,1975110],[899051,1975318],[899048,1975924],[899078,1976140],[898960,1976802],[898976,1976962],[898723,1977245],[898802,1977506],[899327,1977718],[899686,1977937],[899877,1978059],[900365,1978451],[900508,1978570],[900685,1978638],[900867,1978694],[901208,1978788],[901533,1978855],[901659,1978910],[901820,1979022],[902021,1979176],[902103,1979326],[902175,1979564],[902331,1980066],[902430,1980287],[902491,1980526],[902542,1980768],[902475,1980907],[903100,1981012],[903233,1980924],[903462,1980854],[903632,1980826],[903882,1980877],[904231,1980908],[904362,1980816],[904538,1980846],[905078,1981305],[905371,1981603],[905416,1981741],[905552,1981854],[905822,1981728],[906048,1981693],[906307,1981642],[906465,1981488],[906495,1981310],[906603,1981072]]]]}},{"type":"Feature","properties":{"name":"계양구","region":"인천"},"geometry":{"type":"MultiPolygon","coordinates":[[[[933326,1954851],[933540,1954422],[933699,1954206],[933748,1953968],[933741,1953794],[933997,1953643],[934193,1953678],[934313,1953762],[934275,1953918],[934313,1954053],[934487,1954252],[934886,1954212],[935075,1954349],[935250,1954448],[935625,1954323],[935763,1954229],[936137,1954163],[936286,1954160],[936438,1954126],[936611,1954070],[936770,1953947],[936919,1954094],[937022,1954228],[937274,1954089],[937637,1953813],[937504,1953657],[937191,1953311],[937090,1953148],[936886,1953072],[936634,1952934],[936535,1952554],[936513,1952401],[936149,1952135],[936010,1952242],[935982,1952119],[936152,1951839],[936192,1951646],[936219,1951514],[936068,1951636],[935808,1951352],[935586,1951123],[935449,1951116],[935284,1951060],[935042,1950932],[935186,1950797],[935214,1950671],[934984,1950070],[934762,1949270],[934699,1949116],[934687,1948989],[934647,1948542],[934634,1947871],[934632,1947542],[933627,1947451],[932407,1947451],[932242,1947454],[931593,1947454],[931244,1947453],[931004,1947452],[929751,1947449],[928477,1947448],[928354,1947450],[928211,1947743],[928206,1947864],[928206,1948005],[928159,1948239],[928004,1948263],[927847,1948292],[927772,1948416],[927892,1948654],[927951,1948791],[928267,1948823],[928467,1948809],[928664,1948944],[928633,1949070],[928620,1949210],[928680,1949396],[928870,1949475],[929046,1949496],[929296,1949331],[929776,1949466],[929969,1949571],[930080,1949975],[930119,1950100],[930240,1950309],[930332,1950479],[930398,1950654],[930312,1950780],[930014,1951040],[929854,1951126],[929654,1951091],[929412,1951210],[929306,1951367],[929551,1951550],[929636,1951942],[929479,1952025],[929217,1952338],[929211,1952477],[929353,1952681],[929280,1952955],[929116,1952992],[928114,1953270],[927862,1953410],[927735,1953616],[927704,1953813],[927785,1953949],[927788,1954082],[928033,1954178],[928177,1954151],[928379,1954042],[928703,1953979],[928916,1953876],[929160,1953860],[929388,1953805],[929510,1953724],[929660,1953728],[930230,1953571],[930554,1953430],[930813,1953658],[930941,1953898],[930960,1954049],[930905,1954254],[930943,1954427],[931280,1954820],[931478,1954965],[931608,1955004],[931780,1955003],[932014,1955036],[932348,1954903],[932574,1954842],[932611,1954990],[932622,1955115],[932820,1955194],[933051,1955011],[933326,1954851]]]]}},{"type":"Feature","properties":{"name":"남동구","region":"인천"},"geometry":{"type":"MultiPolygon","coordinates":[[[[931363,1941471],[931560,1941491],[931912,1941727],[932034,1941783],[932245,1941669],[932549,1941591],[932790,1941492],[932959,1941398],[933012,1941270],[933050,1941129],[933186,1941067],[933239,1940946],[933435,1940953],[933585,1940997],[933772,1940940],[933893,1940885],[934053,1940959],[934186,1941132],[934276,1941281],[934445,1941391],[934771,1941435],[934997,1941425],[935185,1941520],[935252,1941643],[935777,1941664],[935986,1941629],[936137,1941645],[936143,1941471],[936282,1941253],[936314,1940979],[936196,1940559],[936150,1940000],[936359,1939775],[936319,1939598],[936232,1939341],[935972,1939315],[935763,1939284],[935575,1939152],[935459,1938952],[935527,1938831],[935368,1938361],[935527,1937728],[935520,1937539],[935461,1937382],[935493,1937106],[935342,1936734],[935193,1936662],[934934,1936576],[934736,1936604],[934555,1936610],[934410,1936553],[933927,1936212],[933974,1936056],[934027,1935888],[934081,1935713],[933948,1935582],[933850,1935396],[933817,1935172],[933783,1934951],[933552,1934596],[933402,1934490],[933191,1934423],[933041,1934265],[933106,1933981],[932822,1933601],[932657,1933385],[932502,1933355],[932158,1933016],[932056,1932889],[931787,1932544],[931518,1932201],[931267,1931963],[931095,1931801],[930692,1931625],[930512,1931655],[930056,1931754],[929861,1931797],[929706,1931831],[929125,1931960],[928716,1932087],[928111,1932223],[927871,1932268],[927682,1932321],[927113,1932449],[926992,1932476],[926851,1932517],[926728,1932569],[926594,1932644],[926355,1932815],[926341,1932938],[926469,1933073],[926734,1933359],[926943,1933585],[927071,1933728],[927191,1933859],[927346,1933996],[927497,1934084],[927685,1934169],[927807,1934267],[927894,1934417],[928046,1934909],[928489,1935364],[928786,1935628],[928991,1935809],[929160,1935982],[929526,1936433],[929626,1936576],[929685,1936753],[929713,1936907],[929814,1937481],[929670,1937819],[929679,1938025],[929457,1938068],[929494,1938522],[929366,1938535],[928974,1938666],[928777,1938780],[928640,1938911],[928610,1939098],[928588,1939306],[928598,1939436],[928736,1939426],[928795,1939781],[928808,1939911],[928762,1940114],[928778,1940246],[928852,1940391],[929005,1940532],[928627,1940915],[928379,1941046],[928190,1941071],[928114,1941273],[928131,1941396],[927943,1941440],[928002,1941686],[928239,1941599],[928691,1941479],[928897,1941360],[929043,1941293],[929524,1941235],[929665,1941314],[929846,1941421],[929970,1941556],[929999,1941688],[930080,1942002],[930106,1942147],[930230,1942592],[930313,1942310],[930501,1942210],[930651,1942192],[930781,1942104],[930963,1941880],[931114,1941665],[931187,1941515],[931342,1941473],[931363,1941471]]]]}},{"type":"Feature","properties":{"name":"동구","region":"인천"},"geometry":{"type":"MultiPolygon","coordinates":[[[[923655,1944421],[923984,1944384],[924584,1944034],[924818,1943873],[925028,1943728],[925318,1943529],[925923,1943112],[926113,1942978],[926313,1942790],[926719,1942401],[927005,1942289],[926997,1942141],[926871,1942187],[926686,1942260],[926225,1942552],[925809,1942823],[925666,1942914],[925292,1943090],[925117,1942840],[925112,1942593],[925201,1942449],[925080,1942169],[924962,1941994],[925083,1941568],[924864,1941483],[924434,1941535],[924187,1941354],[923994,1941495],[923867,1941573],[923651,1941740],[923490,1941962],[923197,1942300],[922921,1942576],[922485,1942830],[922236,1942751],[921918,1943065],[922116,1943196],[922172,1943322],[922000,1943273],[921743,1943174],[921464,1943065],[921408,1943208],[921338,1943399],[921707,1943692],[921869,1943759],[922380,1943963],[922753,1944057],[922991,1943770],[923319,1943434],[923837,1943056],[923750,1942926],[923859,1943048],[923636,1943257],[923344,1943508],[923178,1943688],[922924,1944042],[923345,1944315],[923538,1944381],[923655,1944421]]]]}},{"type":"Feature","properties":{"name":"미추홀구","region":"인천"},"geometry":{"type":"MultiPolygon","coordinates":[[[[926871,1942187],[926997,1942140],[927588,1941916],[927777,1941893],[927938,1941795],[927874,1941457],[928012,1941424],[928114,1941273],[928088,1941085],[928378,1941046],[928515,1941035],[928627,1940915],[929005,1940532],[928883,1940437],[928778,1940246],[928762,1940114],[928761,1939948],[928795,1939781],[928736,1939426],[928598,1939436],[928588,1939306],[928610,1939098],[928708,1938965],[928777,1938780],[928900,1938694],[929305,1938551],[929494,1938522],[929446,1938121],[929317,1938037],[929144,1938035],[929013,1938038],[928889,1938036],[928884,1937893],[929024,1937464],[928883,1937455],[928486,1937445],[928265,1937440],[928058,1937302],[927942,1937097],[927820,1937100],[927666,1937153],[927518,1937153],[927206,1937235],[927081,1937120],[926720,1937212],[926102,1937442],[925807,1937620],[925390,1937649],[925135,1937668],[924884,1937657],[924717,1937651],[924544,1937619],[924498,1937480],[924364,1937348],[924215,1937266],[923784,1937152],[923539,1937244],[923414,1937349],[923347,1937195],[923125,1937917],[922947,1939185],[923022,1939449],[922993,1939575],[923221,1939711],[923527,1940115],[923760,1940568],[923968,1940891],[924138,1940991],[924241,1941225],[924187,1941354],[924352,1941496],[924864,1941483],[925083,1941568],[925073,1941893],[925013,1942156],[925201,1942449],[925112,1942593],[925117,1942840],[925292,1943090],[925650,1942924],[925775,1942844],[926225,1942552],[926640,1942280],[926871,1942187]]]]}},{"type":"Feature","properties":{"name":"부평구","region":"인천"},"geometry":{"type":"MultiPolygon","coordinates":[[[[934639,1947455],[934661,1947234],[934662,1947049],[934619,1946781],[934651,1946654],[934605,1946533],[934340,1946547],[934170,1946643],[934038,1946660],[933902,1946611],[933897,1946491],[933723,1946382],[933528,1946438],[933380,1946480],[932975,1945776],[933031,1945508],[933080,1945236],[933134,1945071],[933127,1944818],[933015,1944396],[932977,1944184],[933000,1943919],[933027,1943699],[933034,1943513],[933024,1943344],[933341,1943194],[933464,1943164],[933623,1943141],[933886,1943084],[934034,1943006],[934182,1942886],[934157,1942765],[934496,1942223],[934763,1942123],[935025,1942026],[935194,1941855],[935249,1941677],[935185,1941520],[935024,1941418],[934771,1941435],[934445,1941391],[934304,1941355],[934228,1941190],[934053,1940959],[933931,1940888],[933791,1940924],[933668,1940990],[933534,1940987],[933328,1940880],[933238,1941046],[933096,1941074],[933012,1941270],[932959,1941398],[932790,1941492],[932629,1941563],[932329,1941647],[932034,1941783],[931912,1941727],[931611,1941515],[931419,1941470],[931243,1941484],[931114,1941665],[931027,1941794],[930830,1942055],[930651,1942192],[930501,1942210],[930358,1942284],[930230,1942592],[930106,1942147],[930080,1942002],[929999,1941688],[929970,1941556],[929964,1941417],[929665,1941314],[929545,1941237],[929043,1941293],[928897,1941360],[928691,1941479],[928239,1941599],[928043,1941761],[927868,1941905],[928142,1942194],[928442,1942512],[928463,1942677],[928391,1942900],[928595,1943179],[928739,1943227],[929230,1943161],[929217,1943314],[929069,1943737],[928921,1943821],[928777,1943988],[928572,1943998],[928642,1944317],[928451,1944513],[928308,1944677],[928391,1944816],[928596,1945019],[928542,1945182],[928285,1945414],[928216,1945796],[928136,1946090],[928106,1946226],[927825,1946452],[927822,1946590],[927825,1946728],[928084,1947249],[928354,1947450],[928477,1947448],[929751,1947449],[931004,1947452],[931244,1947453],[931593,1947454],[932242,1947454],[932407,1947451],[933627,1947451],[934639,1947455]]]]}},{"type":"Feature","properties":{"name":"서구","region":"인천"},"geometry":{"type":"MultiPolygon","coordinates":[[[[919300,1950344],[919429,1950332],[919545,1950143],[919419,1950077],[919156,1950265],[919279,1950348],[919300,1950344]]],[[[916647,1953704],[916856,1953505],[917140,1953294],[917470,1953163],[917800,1953078],[917986,1953002],[917905,1952735],[916896,1953017],[916591,1953314],[916604,1953698],[916647,1953704]]],[[[931621,1955003],[931478,1954965],[931338,1954870],[930983,1954523],[930905,1954254],[930934,1954132],[930974,1954009],[930870,1953721],[930658,1953510],[930230,1953571],[929743,1953657],[929619,1953767],[929447,1953758],[929232,1953844],[928916,1953876],[928775,1953969],[928468,1954018],[928276,1954090],[928148,1954162],[927770,1954123],[927789,1953983],[927704,1953813],[927735,1953616],[927862,1953410],[928114,1953270],[929021,1953006],[929167,1953005],[929413,1952799],[929290,1952580],[929217,1952338],[929366,1952065],[929630,1952012],[929551,1951550],[929304,1951375],[929412,1951210],[929535,1951076],[929854,1951126],[930014,1951040],[930304,1950791],[930398,1950654],[930332,1950479],[930240,1950309],[930119,1950100],[930080,1949975],[929969,1949571],[929794,1949464],[929296,1949331],[929128,1949500],[928870,1949475],[928738,1949421],[928620,1949210],[928633,1949070],[928664,1948944],[928542,1948818],[928267,1948823],[927951,1948791],[927892,1948654],[927815,1948528],[927810,1948300],[928004,1948263],[928145,1948241],[928206,1948005],[928206,1947864],[928211,1947743],[928351,1947456],[928184,1947336],[927873,1946825],[927824,1946683],[927824,1946510],[928106,1946226],[928136,1946090],[928131,1945848],[928285,1945414],[928494,1945253],[928570,1945099],[928510,1944895],[928322,1944748],[928451,1944513],[928642,1944317],[928572,1943998],[928810,1944038],[928812,1943916],[928968,1943791],[929217,1943314],[929230,1943161],[928856,1943168],[928698,1943215],[928395,1942966],[928424,1942772],[928446,1942516],[928142,1942194],[927875,1941912],[928043,1941761],[927798,1941888],[927603,1941930],[926998,1942140],[927005,1942289],[926719,1942401],[926313,1942790],[926113,1942978],[925923,1943112],[925318,1943529],[925028,1943728],[924818,1943873],[924584,1944034],[924047,1944404],[924031,1944592],[923936,1944806],[923939,1945135],[923942,1945342],[923174,1945352],[923171,1945128],[923169,1944930],[922824,1944604],[922457,1944473],[920846,1944446],[920833,1944701],[920840,1945472],[920868,1946105],[920829,1946230],[920707,1946429],[920645,1946719],[920716,1947890],[920870,1947889],[921042,1947888],[921452,1947886],[921286,1947984],[921009,1947985],[920868,1947986],[920720,1947987],[920714,1948224],[920715,1948367],[920716,1948585],[920421,1948599],[920377,1948946],[920379,1949216],[920929,1949214],[920633,1949313],[920447,1949313],[920204,1950299],[920341,1950500],[920585,1950595],[920850,1950707],[921056,1950809],[921151,1950940],[920609,1951401],[920679,1951525],[920613,1951721],[920030,1951733],[919830,1951671],[919654,1951834],[919512,1952013],[919339,1952316],[919423,1952470],[919529,1952659],[919077,1953439],[918987,1953592],[918594,1954263],[918321,1954730],[918742,1954858],[919681,1955143],[919816,1955194],[920321,1955551],[920581,1955695],[920717,1955775],[920874,1955887],[921015,1956007],[921180,1956184],[921282,1956333],[921395,1956498],[921753,1956654],[921930,1956619],[921969,1956477],[922308,1956375],[922558,1956310],[922823,1956377],[923014,1956688],[923155,1957151],[923300,1957449],[923395,1957623],[923426,1957753],[923412,1957931],[923502,1958068],[923644,1958146],[923794,1958229],[923879,1958743],[923870,1958912],[924035,1958999],[924309,1959084],[924524,1959128],[924674,1959045],[924782,1959172],[924892,1959347],[925007,1959530],[925136,1959859],[925161,1960003],[925360,1960197],[925500,1960165],[925661,1960165],[925924,1960094],[926096,1960024],[926260,1959949],[926426,1959954],[926980,1959697],[927131,1959497],[927164,1959307],[927290,1959222],[927474,1959209],[927706,1959092],[927730,1958970],[927849,1958733],[927970,1958733],[928106,1958625],[928420,1958373],[928655,1958303],[928913,1958182],[929176,1957905],[929391,1957652],[929475,1957504],[929752,1957259],[929874,1957255],[929937,1957014],[929930,1956769],[929841,1956644],[929740,1956435],[929797,1956193],[930129,1956460],[930287,1956485],[930627,1956339],[930779,1956096],[930808,1955899],[930904,1955771],[931324,1955441],[931519,1955159],[931621,1955003]]]]}},{"type":"Feature","properties":{"name":"연수구","region":"인천"},"geometry":{"type":"MultiPolygon","coordinates":[[[[929674,1938045],[929665,1937880],[929812,1937533],[929713,1936907],[929685,1936753],[929642,1936608],[929549,1936462],[929160,1935982],[928991,1935809],[928794,1935634],[928489,1935364],[928089,1934976],[927912,1934479],[927854,1934337],[927738,1934204],[927497,1934084],[927372,1934016],[927238,1933908],[927071,1933728],[926949,1933592],[926734,1933359],[926469,1933073],[926341,1932938],[926355,1932815],[926517,1932697],[926650,1932610],[926789,1932541],[926915,1932497],[927054,1932462],[927589,1932344],[927808,1932165],[927761,1932040],[928326,1931919],[928725,1931834],[928851,1931740],[928932,1931602],[928980,1931449],[928991,1931278],[928970,1931122],[928919,1930975],[928772,1930784],[928480,1930344],[928399,1930191],[928059,1929768],[927925,1929691],[927612,1929339],[927543,1929216],[927512,1929087],[927061,1928524],[926925,1928419],[926784,1928379],[926643,1928407],[926243,1928566],[926012,1928212],[925830,1928186],[925584,1928047],[925734,1927910],[925871,1927777],[925131,1927472],[924962,1927530],[924841,1927583],[924188,1927589],[923904,1927516],[923871,1927348],[923130,1927335],[922301,1927335],[922283,1927477],[922012,1927480],[921620,1927481],[921584,1927894],[921478,1927536],[921151,1927532],[921013,1926982],[921181,1926972],[920784,1926854],[920958,1926966],[921109,1927531],[920526,1927523],[920282,1927525],[919836,1927528],[919606,1927053],[919754,1926965],[918561,1926874],[918565,1927089],[919485,1927097],[919955,1927963],[919818,1927964],[919670,1927964],[919534,1927964],[919062,1927967],[918777,1927968],[918780,1928815],[920291,1928810],[921678,1928802],[921998,1928799],[923750,1928787],[923589,1928770],[923391,1928772],[923185,1928773],[922618,1928774],[922618,1928618],[922138,1928613],[922137,1928298],[922136,1928078],[922257,1927988],[922788,1927984],[923543,1927980],[923723,1927980],[923956,1927980],[924104,1927984],[924233,1928006],[924357,1928052],[924495,1928132],[924618,1928242],[924782,1928447],[924824,1928602],[924620,1928764],[924364,1928766],[924242,1928755],[924080,1928768],[924625,1928783],[924761,1928677],[924884,1928581],[925117,1928875],[923949,1929803],[923631,1930051],[923347,1930273],[923131,1930440],[922949,1930581],[922617,1930807],[922218,1931155],[921992,1931331],[921832,1931456],[921664,1931656],[921254,1932301],[921205,1932467],[921206,1932603],[921208,1932897],[921206,1933018],[921061,1933130],[921055,1933431],[921107,1933581],[921217,1934464],[921220,1935140],[921221,1935497],[921083,1935609],[920507,1935608],[920221,1935592],[919980,1935642],[919451,1935973],[919454,1936595],[919455,1936765],[919674,1936766],[919670,1936239],[920453,1935877],[920503,1936107],[920727,1936509],[921081,1936782],[921382,1936782],[921708,1936780],[921848,1936778],[922756,1936774],[923010,1936774],[923139,1936773],[923267,1936771],[923307,1936558],[923342,1936335],[923377,1936102],[923410,1935889],[923619,1935886],[923668,1936130],[923543,1936153],[923476,1936284],[923489,1936424],[923554,1936620],[923473,1937099],[923347,1937195],[923327,1937324],[923500,1937281],[923674,1937165],[924215,1937266],[924364,1937348],[924498,1937480],[924544,1937619],[924717,1937651],[924884,1937657],[925135,1937668],[925296,1937694],[925710,1937687],[926102,1937442],[926720,1937212],[927081,1937120],[927206,1937235],[927493,1937144],[927666,1937153],[927820,1937100],[927941,1937095],[928058,1937302],[928265,1937440],[928486,1937445],[928835,1937453],[929016,1937460],[928899,1937865],[928838,1937985],[929013,1938038],[929144,1938035],[929317,1938037],[929443,1938100],[929671,1938052],[929674,1938045]],[[924948,1928608],[925417,1928162],[925581,1928132],[925711,1928207],[925855,1928308],[925150,1928862],[924991,1928664],[924948,1928608]]]]}},{"type":"Feature","properties":{"name":"옹진군","region":"인천"},"geometry":{"type":"MultiPolygon","coordinates":[[[[847389,1882314],[847332,1882505],[847373,1882626],[847609,1882588],[847556,1882453],[847430,1882335],[847389,1882314]]],[[[850239,1886093],[850145,1886462],[850145,1886588],[850229,1886729],[850458,1886753],[850513,1886529],[850281,1886130],[850239,1886093]]],[[[851104,1886581],[850979,1886695],[851142,1886899],[851164,1886676],[851104,1886581]]],[[[868636,1893936],[868651,1894225],[868996,1894430],[868945,1894260],[868848,1894030],[868640,1893938],[868636,1893936]]],[[[865410,1894613],[865549,1894605],[865803,1894381],[866072,1894258],[866119,1894110],[866107,1893968],[865767,1893562],[865799,1893388],[865874,1893266],[865995,1893151],[866235,1893107],[866419,1893147],[866520,1893285],[866688,1893332],[866810,1893365],[866937,1893352],[866814,1893334],[866681,1893297],[866454,1893095],[866431,1892931],[866610,1892844],[866903,1892743],[867035,1892706],[867187,1892733],[867326,1892796],[867472,1893060],[867741,1893053],[867869,1893058],[868045,1893105],[868172,1893209],[868329,1893446],[868458,1893511],[868003,1892873],[867753,1892778],[867596,1892735],[867443,1892666],[867098,1892461],[866974,1892324],[866915,1892178],[866681,1892068],[866371,1892031],[866147,1892071],[865910,1892221],[865861,1892469],[865878,1892629],[865982,1892777],[865873,1892914],[865465,1893142],[865220,1893344],[865039,1893596],[864868,1893743],[864699,1893887],[864705,1894081],[864820,1894334],[864815,1894489],[865375,1894645],[865410,1894613]]],[[[869079,1894501],[869065,1894642],[869142,1894799],[869146,1894557],[869079,1894501]]],[[[863831,1896631],[863639,1896678],[863660,1896886],[863882,1896725],[863831,1896631]]],[[[866192,1897449],[866321,1897441],[866504,1897172],[866665,1896735],[866616,1896614],[866463,1896515],[866067,1896549],[865966,1896728],[865947,1897105],[865980,1897264],[866076,1897403],[866192,1897449]]],[[[861667,1897323],[861478,1897422],[861411,1897650],[861601,1897802],[861721,1897807],[861795,1897598],[861694,1897355],[861667,1897323]]],[[[866035,1897589],[865907,1897565],[865881,1897753],[865924,1897895],[866158,1897972],[866166,1897847],[866135,1897717],[866035,1897589]]],[[[868084,1897449],[868006,1897321],[867816,1897150],[867683,1897164],[867673,1897320],[867760,1897465],[867896,1897965],[868084,1898144],[868208,1898468],[868238,1898772],[868474,1898822],[868553,1898571],[868353,1898173],[868451,1897762],[868228,1897687],[868097,1897595],[868087,1897459],[868084,1897449]]],[[[867850,1898707],[867763,1898878],[868022,1898765],[867850,1898707]]],[[[865671,1899025],[865555,1899182],[865679,1899278],[865804,1899209],[865716,1899059],[865671,1899025]]],[[[866717,1899359],[866658,1899229],[866536,1899247],[866317,1899274],[866261,1899121],[866335,1898997],[866148,1898917],[866017,1898995],[865960,1899141],[866234,1899323],[866456,1899395],[866607,1899422],[866717,1899359]]],[[[866760,1899759],[866585,1899822],[866552,1899983],[866672,1900020],[866819,1899871],[866760,1899759]]],[[[863038,1900045],[863158,1900079],[863316,1900114],[863443,1900064],[863735,1899889],[863781,1899732],[863821,1899548],[863550,1899470],[863511,1899211],[863164,1899295],[862821,1899620],[862754,1899764],[862557,1899784],[862435,1899721],[862519,1899524],[862428,1899293],[862508,1898872],[862586,1898569],[862387,1898473],[862300,1898596],[862168,1898549],[862279,1898210],[862416,1897899],[862413,1897690],[862232,1897606],[861869,1897833],[861829,1897972],[861779,1898105],[861921,1898160],[862003,1898474],[861920,1898630],[861954,1898765],[861816,1898821],[861767,1898677],[861644,1898600],[861522,1898657],[861445,1898952],[861430,1899145],[861728,1899249],[861937,1899353],[862033,1899776],[861906,1899975],[861941,1900102],[862178,1900204],[862196,1900330],[862163,1900455],[862324,1900522],[862460,1900404],[862875,1900349],[862994,1900085],[863038,1900045]]],[[[874355,1901767],[874440,1901338],[874725,1901071],[874604,1900683],[874258,1900122],[874072,1900108],[873874,1899928],[873618,1899595],[873416,1899336],[873178,1899248],[872761,1899229],[872393,1899502],[872254,1899820],[872270,1899977],[872449,1900212],[872597,1900342],[872642,1900468],[872632,1900678],[872542,1900806],[872419,1900846],[872247,1900695],[872160,1900572],[872091,1900798],[872210,1900931],[872493,1901249],[872656,1901513],[872650,1901766],[872683,1901894],[872824,1901805],[873025,1901652],[873195,1901677],[873562,1901814],[873680,1901952],[873808,1901998],[874052,1901959],[874322,1901883],[874355,1901767]]],[[[893419,1903658],[893221,1903749],[893210,1903883],[893369,1903923],[893479,1904062],[893607,1903978],[893423,1903660],[893419,1903658]]],[[[868837,1904887],[868895,1904761],[868965,1904580],[868797,1903953],[868700,1903789],[868389,1904023],[868348,1904248],[868388,1904632],[868593,1904835],[868697,1905110],[868813,1904935],[868837,1904887]]],[[[893448,1905176],[893681,1905120],[893804,1905104],[893936,1905029],[894058,1904823],[894098,1904513],[894102,1904378],[893856,1904327],[893887,1904456],[893752,1904820],[893458,1904961],[893331,1905166],[893448,1905176]]],[[[868942,1905000],[868828,1905410],[868793,1905574],[868808,1905743],[868907,1905562],[869027,1905222],[868987,1905073],[868942,1905000]]],[[[891347,1905658],[891324,1905399],[891014,1905861],[890919,1906100],[890885,1906263],[891297,1906440],[891430,1906456],[891331,1906090],[891260,1905869],[891311,1905687],[891347,1905658]]],[[[895490,1906846],[895570,1906723],[895486,1906543],[895348,1906480],[895040,1906611],[895444,1906838],[895490,1906846]]],[[[867069,1907183],[866873,1907026],[866827,1907178],[866959,1907172],[867079,1907265],[867069,1907183]]],[[[867794,1907298],[867908,1906752],[867901,1906631],[867771,1906542],[867537,1906847],[867549,1906973],[867522,1907126],[867385,1907200],[867506,1907406],[867673,1907460],[867793,1907421],[867794,1907300],[867794,1907298]]],[[[893331,1908861],[893895,1908743],[894020,1908660],[894143,1908658],[894287,1908735],[894436,1908820],[894655,1908680],[894663,1908539],[894721,1908348],[895141,1907968],[895468,1907754],[895507,1907506],[895348,1907334],[895219,1907383],[895099,1907461],[894952,1907542],[894830,1907577],[894659,1907446],[894514,1907338],[894378,1907324],[894171,1907425],[894094,1907600],[894062,1907725],[893899,1907874],[893739,1907970],[893580,1908043],[893100,1908313],[892852,1908522],[892705,1908602],[892639,1908785],[892705,1909028],[892909,1909180],[893071,1908985],[893231,1908885],[893331,1908861]]],[[[902361,1908970],[902234,1909084],[902189,1909207],[902413,1909178],[902442,1909057],[902361,1908970]]],[[[889706,1909804],[890061,1909863],[890340,1909588],[890438,1909443],[890420,1909304],[890544,1909200],[890676,1909178],[890890,1909258],[890920,1908966],[890931,1908802],[890934,1908681],[890928,1908527],[891065,1908072],[891206,1907987],[891336,1907943],[891471,1907916],[891593,1907897],[891726,1907901],[891955,1907736],[891812,1907369],[891724,1907238],[891604,1907219],[891088,1907461],[891008,1907600],[891067,1907741],[891077,1907863],[890986,1907985],[890740,1908227],[890593,1908343],[890459,1908420],[890276,1908514],[890154,1908557],[889833,1908534],[889734,1908673],[889587,1908780],[889161,1908818],[889048,1908674],[888926,1908671],[888494,1909060],[888473,1909268],[888705,1909548],[888829,1909599],[888952,1909572],[889014,1909452],[889246,1909405],[889376,1909446],[889442,1909629],[889330,1909853],[889494,1909937],[889614,1909830],[889706,1909804]]],[[[886637,1909969],[886801,1910009],[886996,1910218],[887049,1910384],[887002,1910529],[887376,1910547],[887505,1910488],[888014,1910497],[888230,1910441],[888874,1910210],[888983,1910089],[888823,1910072],[888563,1910085],[888218,1909949],[888101,1909822],[888070,1909650],[887890,1909604],[887666,1909668],[887590,1909806],[887270,1909656],[887023,1909582],[886894,1909774],[886740,1909840],[886617,1909779],[886481,1909674],[886308,1909713],[885973,1910063],[885889,1910292],[885909,1910538],[885979,1910706],[886315,1910658],[886212,1910426],[886144,1910289],[886413,1910036],[886545,1909982],[886637,1909969]]],[[[876177,1910130],[876101,1910003],[876175,1909853],[876296,1909805],[876459,1909802],[876607,1909824],[876765,1909981],[876769,1910106],[876810,1910253],[876932,1910252],[877015,1910112],[877041,1909972],[876806,1909669],[876671,1909597],[876457,1909563],[876411,1909440],[876387,1909314],[876383,1909154],[876487,1908943],[876624,1908900],[876838,1908879],[876450,1908354],[876200,1908433],[876071,1908484],[875841,1908516],[875571,1908521],[875113,1908580],[874832,1908956],[874565,1909210],[874385,1909541],[874365,1909687],[874383,1909807],[874551,1910021],[874750,1910115],[874945,1910301],[874814,1910475],[875125,1910818],[875315,1910887],[875469,1910781],[875770,1910600],[876034,1910369],[876163,1910173],[876177,1910130]]],[[[885852,1910938],[885652,1910993],[885662,1911122],[885929,1911016],[885852,1910938]]],[[[879320,1911744],[879000,1911635],[878985,1912280],[879078,1912418],[879227,1912467],[879295,1912321],[879356,1912196],[879523,1912021],[879435,1911864],[879320,1911744]]],[[[900774,1912570],[900939,1912529],[901029,1912390],[900749,1912393],[900658,1912522],[900774,1912570]]],[[[866099,1912025],[866228,1912077],[866224,1912200],[866520,1912371],[866635,1912079],[866600,1911920],[866440,1911702],[866144,1911737],[865772,1911664],[865599,1911536],[865486,1911396],[865484,1911262],[865603,1910913],[865409,1910708],[865369,1910586],[865427,1910386],[865458,1910263],[865240,1910395],[865234,1910515],[865312,1910644],[865176,1910770],[865045,1910826],[864914,1910852],[864755,1910836],[864226,1910591],[864049,1910432],[863417,1910387],[863284,1910465],[863327,1910648],[863732,1910892],[864101,1911047],[864364,1911073],[864435,1911254],[864372,1911451],[864324,1911728],[864485,1911808],[864607,1911739],[864994,1911605],[865493,1911651],[865616,1911726],[865620,1911851],[865390,1912323],[865259,1912506],[865496,1912749],[865687,1912774],[865722,1912586],[865669,1912458],[865608,1912307],[865678,1912167],[865798,1912091],[865982,1912033],[866099,1912025]]],[[[900237,1912471],[900116,1912587],[900198,1912825],[900419,1912592],[900237,1912471]]],[[[899049,1912661],[898972,1912782],[898926,1913136],[899174,1913071],[899305,1912976],[899347,1912837],[899051,1912661],[899049,1912661]]],[[[883977,1914075],[883847,1914087],[883666,1914240],[883852,1914287],[883879,1914157],[883977,1914075]]],[[[908380,1914272],[908537,1914433],[908659,1914497],[908785,1914470],[908570,1914418],[908443,1914336],[908380,1914272]]],[[[882330,1914855],[882217,1914644],[882592,1914076],[882890,1913963],[882909,1913595],[882917,1913284],[882889,1913155],[883020,1913001],[883451,1913154],[883596,1913186],[884076,1913054],[884154,1912928],[884017,1912884],[883845,1912890],[883739,1912767],[883589,1912344],[883452,1912229],[883298,1912181],[883215,1912059],[883178,1911930],[883204,1911635],[883042,1911538],[882889,1911848],[882813,1912220],[882767,1912691],[882690,1913215],[882569,1913305],[882442,1913348],[882315,1913284],[882187,1913188],[882042,1913158],[881897,1913199],[881757,1913298],[881621,1913192],[881638,1913312],[881516,1913377],[881234,1913434],[881095,1914068],[881109,1914188],[881249,1914511],[881539,1914709],[881795,1914953],[881865,1915124],[882018,1915303],[882091,1915119],[882330,1914855]]],[[[913054,1915556],[912951,1915424],[912996,1915291],[912982,1915150],[912626,1914841],[912473,1914783],[912317,1915206],[912356,1915385],[912597,1915499],[912728,1915515],[913051,1915554],[913054,1915556]]],[[[913411,1915760],[913054,1915556],[913271,1915732],[913398,1915772],[913411,1915760]]],[[[901192,1916338],[901370,1916347],[901171,1916259],[901050,1916269],[901021,1916403],[901146,1916348],[901192,1916338]]],[[[915862,1916527],[915735,1916645],[915502,1916700],[915752,1916769],[915871,1916596],[915862,1916527]]],[[[901844,1916748],[902080,1916601],[902210,1916557],[902299,1916400],[901858,1916324],[901634,1916392],[901704,1916526],[901792,1916755],[901891,1916890],[901844,1916748]]],[[[911412,1917601],[911407,1917726],[911491,1917874],[911640,1918021],[911611,1917764],[911412,1917601]]],[[[913411,1915760],[913541,1915875],[913616,1916131],[913634,1916291],[913584,1916688],[913532,1916839],[913359,1917093],[913207,1917272],[912808,1917315],[912547,1917584],[912341,1917638],[912410,1917766],[912572,1917979],[913143,1918225],[913405,1918506],[913253,1918233],[913486,1918021],[913890,1917478],[913892,1917262],[913769,1917187],[913683,1917052],[913764,1916919],[913935,1916775],[914059,1916722],[914170,1916440],[914306,1916051],[914542,1915756],[914724,1915583],[914726,1915452],[914607,1915278],[914129,1915400],[913476,1915637],[913411,1915760]]],[[[892732,1919374],[893479,1919223],[893685,1919253],[893805,1919201],[893927,1919057],[894149,1918873],[894279,1918891],[894568,1918835],[894889,1918806],[895140,1918661],[895312,1918526],[895437,1918429],[895733,1918262],[895948,1918197],[896070,1918260],[896231,1918252],[896308,1918025],[896440,1918000],[896560,1918017],[896686,1918104],[896591,1918373],[896602,1918627],[896680,1918842],[897124,1918914],[897634,1918620],[897775,1918625],[897916,1918519],[897876,1918398],[897669,1918037],[897596,1917878],[897356,1917506],[897063,1917360],[896923,1917364],[896797,1917343],[896667,1917291],[896543,1917178],[896328,1916978],[895937,1917165],[895816,1917258],[895562,1917206],[895401,1917072],[895323,1916936],[895086,1916839],[895086,1917030],[895059,1917241],[894937,1917325],[894680,1917373],[894024,1917837],[893758,1917855],[893577,1917770],[893235,1917997],[893067,1918156],[892934,1918160],[892521,1918529],[892400,1918620],[892270,1918604],[892147,1918499],[891970,1918480],[891781,1918791],[891825,1919058],[891994,1919021],[892122,1919154],[892206,1919605],[892282,1919885],[892456,1919956],[892559,1919808],[892499,1919685],[892582,1919476],[892712,1919376],[892732,1919374]]],[[[876584,1920174],[876809,1920072],[876777,1919856],[876654,1919799],[876677,1919460],[876737,1919309],[876885,1918622],[877013,1918505],[877216,1918601],[877462,1918603],[877512,1918405],[877558,1918065],[877267,1917815],[877279,1917680],[877401,1917458],[877649,1917324],[877855,1917502],[877997,1917713],[878072,1917846],[878205,1917889],[878387,1917851],[878481,1917700],[878576,1917524],[878727,1917409],[878861,1917395],[879053,1917372],[879171,1917208],[879169,1917059],[879223,1916907],[879416,1916750],[879374,1916362],[879694,1916285],[879825,1916316],[879945,1916382],[880146,1916465],[880273,1916443],[880420,1916387],[880613,1916245],[881159,1915999],[881633,1915698],[881640,1915480],[881242,1915293],[881114,1915252],[880807,1915216],[880623,1915018],[880594,1914886],[880376,1914591],[880282,1914848],[880119,1914906],[879965,1914833],[879806,1914738],[879662,1914600],[879695,1914214],[879888,1913954],[880025,1913916],[880121,1913777],[879996,1913634],[879874,1913661],[879753,1913737],[879572,1913771],[878725,1913587],[878252,1913551],[878129,1913530],[878009,1913409],[877495,1913252],[877311,1913158],[876812,1913445],[876690,1913618],[876694,1913750],[876819,1913752],[876948,1913692],[877135,1913794],[877211,1913918],[877196,1914071],[877163,1914219],[877115,1914340],[877053,1914469],[876801,1914764],[876681,1914701],[876555,1914486],[876205,1914374],[875903,1914623],[875900,1914758],[876160,1915060],[876248,1915181],[876070,1915443],[875549,1915550],[875275,1915220],[875232,1914942],[875020,1914619],[874826,1914509],[874624,1914543],[874440,1914607],[874501,1914835],[874573,1914957],[874682,1915083],[874803,1915153],[874965,1915285],[875094,1915668],[875190,1916433],[875028,1916474],[874896,1916496],[874877,1917033],[874873,1917178],[874948,1917477],[875006,1917607],[875154,1917737],[875449,1918069],[875539,1918571],[875554,1918747],[875682,1919048],[875790,1919198],[875937,1919301],[876059,1919359],[876100,1919560],[876100,1919704],[876015,1919905],[875896,1920137],[875983,1920267],[876254,1920400],[876400,1920273],[876551,1920183],[876584,1920174]]],[[[909718,1916632],[909630,1916776],[909577,1916652],[909698,1916596],[909763,1916449],[909207,1916219],[908883,1916191],[908743,1916093],[908589,1915912],[908525,1915785],[908495,1915345],[908311,1915207],[907758,1914791],[907727,1914540],[907630,1914420],[907496,1914511],[907174,1914859],[907105,1915195],[905954,1915196],[905562,1915201],[905314,1915380],[905205,1915631],[905187,1916664],[905200,1917149],[905199,1917740],[905101,1918029],[905137,1918297],[905135,1918165],[905257,1918060],[905397,1918120],[905345,1918489],[905099,1918578],[904989,1918724],[905097,1918847],[905234,1918828],[905580,1918976],[905684,1919106],[905644,1919230],[905534,1919366],[905484,1919628],[905482,1919985],[905625,1920086],[905785,1919866],[906401,1919824],[906611,1919707],[906745,1919753],[907096,1920072],[907197,1920193],[907259,1920315],[907278,1920436],[907140,1920572],[906950,1920661],[907319,1920991],[907551,1920963],[907926,1920990],[908361,1921059],[908566,1921231],[908722,1921460],[908845,1921347],[908879,1921163],[909128,1920914],[909696,1920744],[909843,1920763],[909994,1920814],[910272,1920954],[910519,1920701],[910797,1920401],[910952,1920314],[911105,1920278],[911032,1920017],[910824,1919834],[910817,1919688],[910833,1919536],[910868,1919399],[911025,1919061],[911087,1918800],[911091,1918674],[911179,1918539],[911421,1918302],[911488,1918152],[911352,1917953],[911213,1917807],[911021,1917668],[910954,1917915],[910660,1918247],[910518,1918310],[910257,1918329],[910129,1918327],[909992,1918253],[910143,1917750],[909758,1917820],[909568,1917832],[909245,1917695],[909149,1917569],[909282,1917435],[909696,1917092],[909691,1916934],[909691,1916700],[909718,1916632]]],[[[874166,1922161],[874342,1922120],[874470,1922087],[874649,1921808],[874868,1921544],[875073,1921430],[875218,1921355],[875610,1921033],[875708,1920883],[875662,1920697],[875237,1920573],[874784,1920562],[874805,1920698],[874798,1920835],[874718,1920973],[874678,1921170],[874543,1921196],[874099,1921336],[873739,1921564],[873732,1922027],[873832,1922153],[874101,1922160],[874166,1922161]]],[[[891550,1924659],[891513,1924476],[891085,1924927],[891071,1925100],[891207,1925210],[891285,1925037],[891395,1924817],[891550,1924659]]],[[[890449,1925714],[890500,1925589],[890311,1925513],[890252,1925646],[890396,1925711],[890449,1925714]]],[[[890693,1925373],[890564,1925364],[890773,1925688],[890749,1925565],[890696,1925384],[890693,1925373]]],[[[890482,1925827],[890431,1926001],[890669,1926449],[890911,1926565],[891033,1926454],[891022,1926328],[890582,1925851],[890482,1925827]]],[[[896736,1945326],[896470,1945171],[896326,1945172],[896154,1945305],[896301,1945477],[896905,1945588],[896804,1945378],[896736,1945326]]],[[[895957,1946248],[895847,1946646],[896005,1946710],[896143,1946484],[896066,1946344],[895957,1946248]]],[[[904247,1949094],[904101,1949076],[903974,1949010],[903922,1948856],[903880,1948574],[903852,1948155],[903597,1948033],[903462,1948126],[903052,1948513],[903202,1949056],[903549,1949187],[903957,1949393],[904072,1949158],[904210,1949094],[904247,1949094]]],[[[909175,1949181],[909252,1948919],[909250,1948712],[909251,1948511],[909305,1948226],[909032,1948128],[908879,1948148],[908713,1948199],[908696,1948048],[908681,1947818],[908779,1947581],[908912,1947494],[908989,1947357],[908948,1947231],[908852,1946958],[908742,1946712],[908818,1946546],[908939,1946350],[908428,1946278],[908317,1946414],[908356,1946559],[908248,1946696],[908087,1946849],[907564,1947115],[907432,1947153],[906860,1947251],[906713,1947125],[906265,1946682],[905710,1946736],[905510,1946782],[905380,1946868],[905409,1947140],[905493,1947378],[905658,1947778],[905807,1948000],[906162,1948349],[906410,1948530],[906611,1948549],[907061,1948738],[907191,1948880],[907318,1949056],[907444,1949136],[907598,1949184],[907691,1949345],[907809,1949646],[907822,1949770],[907837,1949959],[908130,1949982],[908269,1949957],[908364,1949771],[908657,1949350],[908845,1949260],[909009,1949213],[909145,1949182],[909175,1949181]]],[[[905669,1950051],[905803,1949984],[905930,1950024],[906069,1950143],[906332,1950141],[906455,1950077],[906470,1949944],[906348,1949984],[905867,1949786],[905887,1949637],[905887,1949472],[905671,1948875],[905642,1948686],[905593,1948552],[905507,1948414],[905346,1948231],[905153,1947994],[905152,1947829],[905283,1947685],[905189,1947551],[905044,1947468],[904720,1947610],[904576,1947597],[904263,1947575],[904288,1947769],[904468,1948114],[904569,1948479],[904766,1948742],[904749,1948915],[904611,1949096],[904307,1949101],[904557,1949157],[904936,1950019],[904913,1950141],[904984,1950273],[905141,1950423],[905580,1950212],[905617,1950051],[905669,1950051]]],[[[891850,1950091],[891730,1950111],[891531,1950208],[891276,1950438],[891124,1950639],[891282,1950706],[891420,1950581],[891610,1950525],[891850,1950349],[891955,1950136],[891850,1950091]]],[[[890611,1950867],[890320,1951423],[890324,1951557],[890452,1951540],[890859,1951113],[890980,1951039],[890927,1950900],[890611,1950867]]],[[[897764,1951856],[897817,1951727],[897697,1951728],[897755,1951857],[897764,1951856]]],[[[894961,1951812],[896214,1951151],[896447,1950906],[896878,1950747],[897075,1950821],[897200,1950882],[897352,1950572],[897500,1950095],[897811,1949529],[897977,1949412],[898629,1949066],[898772,1949027],[899049,1948991],[899681,1948978],[899818,1948989],[900026,1949033],[900195,1949080],[900768,1949250],[900921,1949236],[901065,1949279],[901219,1949333],[901355,1949443],[901441,1949089],[901419,1948513],[901210,1948165],[901017,1948190],[900872,1948295],[900053,1948489],[899715,1948409],[899352,1948529],[898596,1948460],[898388,1948378],[897911,1948298],[897789,1948256],[897786,1948105],[897666,1948018],[897520,1948061],[897548,1948231],[897529,1948434],[897398,1948515],[897178,1948551],[897045,1948479],[896987,1948355],[896586,1948045],[896385,1947823],[896328,1947598],[896205,1947979],[896365,1948122],[896489,1948258],[896467,1948517],[896451,1948639],[896519,1948848],[896632,1949130],[896648,1949251],[896626,1949440],[896569,1949680],[896524,1949841],[896375,1949929],[896172,1950011],[895863,1950194],[895778,1950373],[895667,1950622],[895570,1950744],[895433,1950767],[895294,1950915],[895177,1951088],[895059,1951214],[894904,1951369],[894776,1951567],[894775,1951719],[894717,1951854],[894961,1951812]]],[[[842949,1958296],[842793,1957553],[842637,1957547],[842275,1957936],[842054,1957921],[841924,1958012],[841818,1958211],[841760,1958376],[841819,1958559],[842238,1958784],[842421,1958812],[842575,1958807],[842755,1958772],[842891,1958703],[842949,1958296]]],[[[839537,1961276],[839426,1961477],[839558,1961437],[839537,1961276]]],[[[842290,1962994],[842040,1963217],[842327,1963335],[842339,1963137],[842294,1962997],[842290,1962994]]],[[[842056,1965860],[842215,1965865],[842379,1965973],[842564,1965894],[842704,1965455],[842678,1965268],[842548,1965147],[842402,1965119],[842278,1964962],[842179,1964831],[842060,1964609],[841987,1964389],[841835,1964153],[841461,1963777],[840946,1963430],[840620,1963168],[840521,1963040],[840077,1962947],[839826,1963032],[839902,1963228],[839876,1963380],[839723,1963890],[839614,1964046],[839759,1964171],[839884,1964220],[839983,1964552],[839944,1964769],[839893,1965012],[839711,1965085],[839404,1965470],[839351,1965631],[839330,1965940],[839498,1966049],[839657,1966083],[839792,1966082],[839791,1965943],[839960,1965818],[840423,1965636],[840596,1965619],[841207,1965766],[841297,1965918],[841640,1966074],[841871,1966110],[842005,1965882],[842056,1965860]]],[[[759620,1978933],[759653,1978762],[759533,1978648],[759372,1978572],[759314,1978319],[759276,1977964],[759295,1977810],[759119,1977615],[758818,1977761],[758814,1977894],[758583,1977944],[758372,1977894],[758247,1977986],[757951,1978137],[757554,1978030],[757141,1977867],[756933,1977747],[756764,1977506],[756405,1977155],[755973,1976907],[755796,1977025],[755751,1977219],[755992,1977333],[756337,1977606],[756430,1977920],[756669,1978224],[756963,1978287],[757086,1978391],[757117,1978513],[757133,1978733],[757002,1978824],[756953,1978947],[757080,1978972],[757170,1978816],[757401,1978615],[757532,1978629],[757654,1978687],[757828,1978821],[757961,1978885],[758130,1978798],[758722,1978861],[759046,1978932],[759173,1979000],[759337,1979072],[759572,1978994],[759620,1978933]]],[[[754328,1986517],[754496,1986343],[755062,1986450],[755273,1986494],[755505,1986408],[755602,1986210],[755883,1986111],[756058,1985939],[756082,1985811],[755867,1985776],[755726,1985734],[755531,1985654],[755317,1985560],[755154,1985443],[754974,1985278],[754881,1985137],[754828,1985014],[754789,1984891],[754778,1984744],[755025,1984060],[755236,1983906],[755304,1983785],[755213,1983229],[755116,1983026],[754843,1982867],[754661,1982660],[754539,1982504],[754372,1982393],[754137,1982314],[753927,1982200],[753761,1982041],[753626,1982062],[753344,1982375],[753126,1982523],[752667,1982438],[752035,1981891],[752273,1981657],[752277,1981532],[751998,1981519],[751807,1981556],[751682,1981807],[751842,1981978],[752047,1982142],[752116,1982270],[752227,1982730],[752182,1982928],[752108,1983084],[751752,1983403],[751649,1983258],[751556,1983065],[751376,1983058],[751307,1983183],[751358,1983326],[751118,1983464],[750909,1983537],[750706,1983647],[750379,1983882],[750248,1984015],[750382,1984124],[750743,1984061],[750854,1983911],[751008,1983796],[751237,1983741],[751477,1983764],[751674,1983934],[752047,1984746],[752449,1985461],[752658,1985688],[752953,1985877],[753226,1985801],[753569,1985935],[753823,1986165],[753942,1986308],[753950,1986444],[753918,1986591],[753871,1986735],[753822,1986949],[753964,1987005],[754091,1986982],[754236,1986762],[754308,1986554],[754328,1986517]]],[[[752955,2001569],[753278,2001463],[753519,2001443],[753640,2001514],[753715,2001654],[754074,2001856],[754509,2001878],[754739,2001826],[755137,2001743],[755361,2001758],[755511,2001765],[755698,2001734],[755997,2001595],[756055,2001455],[756185,2001342],[756324,2001299],[756674,2001203],[756763,2000871],[756737,2000444],[756802,2000105],[756837,1999976],[756908,1999809],[757112,1999575],[757307,1999416],[757575,1999306],[757781,1999407],[757920,1999409],[758023,1999275],[758064,1999087],[758002,1998887],[757867,1998833],[757718,1998817],[757324,1999061],[757301,1999256],[757159,1999400],[757006,1999447],[756674,1999288],[756614,1999074],[756647,1998885],[757031,1998779],[757282,1998549],[757029,1998243],[756847,1998197],[756703,1998224],[756686,1998350],[756672,1998504],[756548,1998586],[756405,1998590],[756159,1998552],[756029,1998489],[755829,1998316],[755687,1998169],[755547,1998028],[755164,1997711],[755021,1997634],[754769,1997514],[754598,1997437],[754467,1997213],[754299,1996905],[754280,1996237],[754191,1996026],[754068,1995929],[753922,1995748],[753837,1995617],[753753,1995447],[753703,1995246],[753742,1995039],[753892,1994871],[753815,1994740],[753582,1994595],[753099,1994466],[752859,1994594],[752536,1994860],[752414,1995056],[752253,1995179],[752108,1995209],[751846,1995202],[751554,1995127],[751307,1995023],[751177,1995158],[750980,1995281],[750760,1995333],[750266,1995178],[750078,1995277],[749986,1995437],[749810,1995470],[749675,1995443],[749534,1995400],[749365,1995301],[749173,1995293],[748564,1995415],[748356,1995664],[748318,1995875],[748215,1996192],[747943,1996912],[747829,1997187],[747704,1997304],[747571,1997947],[747523,1998327],[747484,1998677],[747472,1998836],[747234,1999131],[746564,1999529],[746373,1999545],[746235,1999844],[746269,1999977],[746315,2000316],[746115,2000603],[746259,2000753],[746478,2000892],[746589,2001068],[746768,2001652],[746857,2001491],[746836,2001352],[747080,2001221],[747094,2001463],[747232,2001420],[747693,2001104],[748184,2000783],[748552,2000501],[748818,2000385],[748989,2000414],[749271,2000533],[749454,2000714],[749634,2000868],[749844,2000967],[750010,2000916],[750201,2000901],[750478,2000923],[750568,2001053],[750878,2001126],[751187,2001231],[751439,2001409],[751531,2001554],[751843,2001729],[751898,2001593],[752115,2001479],[752623,2001476],[752741,2001604],[752578,2001718],[752638,2001943],[752835,2001989],[752768,2001853],[752802,2001729],[752955,2001569]]]]}},{"type":"Feature","properties":{"name":"중구","region":"인천"},"geometry":{"type":"MultiPolygon","coordinates":[[[[912641,1929405],[912589,1929264],[912590,1929144],[912466,1929091],[912313,1929120],[912264,1929247],[912313,1929411],[912447,1929406],[912572,1929398],[912730,1929525],[912641,1929405]]],[[[906308,1929756],[906319,1929586],[906196,1929524],[906058,1929741],[906223,1929766],[906308,1929756]]],[[[906435,1930635],[906310,1930689],[906176,1930758],[906169,1930953],[906278,1931098],[906505,1931204],[906665,1931215],[906667,1930762],[906524,1930653],[906435,1930635]]],[[[906020,1934526],[906141,1934568],[906298,1934544],[906279,1934401],[906021,1934384],[905873,1934449],[905746,1934540],[905867,1934614],[905988,1934534],[906020,1934526]]],[[[901755,1933535],[901626,1933653],[901606,1933826],[901648,1934300],[902006,1934651],[902363,1934608],[902287,1934355],[902088,1934189],[901902,1933768],[901780,1933550],[901755,1933535]]],[[[903891,1935019],[903908,1934847],[904089,1934397],[904236,1934328],[904520,1934162],[904617,1934042],[904622,1933802],[904900,1933542],[905076,1933308],[905185,1933149],[905253,1933016],[905398,1932869],[905905,1932510],[906246,1932366],[906312,1931960],[906055,1931845],[905843,1931919],[905709,1931967],[905712,1931840],[905865,1931689],[906112,1931594],[906161,1931380],[905874,1931210],[905698,1931201],[905565,1930857],[905690,1930791],[905757,1930917],[905591,1930564],[905403,1930488],[905145,1930480],[904908,1930436],[904732,1930306],[904363,1930147],[904233,1930104],[904063,1930078],[903773,1930243],[903433,1930658],[903203,1930959],[903323,1931120],[903431,1931415],[903329,1931776],[903360,1932003],[903433,1932123],[903404,1932303],[903374,1932468],[903086,1932992],[902956,1933085],[902547,1933111],[902425,1933011],[902260,1933170],[902322,1933339],[902480,1933503],[902636,1933511],[902738,1933834],[902764,1934228],[902912,1934361],[903000,1934482],[903123,1934759],[903140,1934885],[903020,1934985],[903054,1935116],[903341,1935373],[903499,1935316],[903891,1935019]]],[[[904196,1936355],[904075,1936232],[904074,1935975],[903858,1935810],[903721,1936007],[903764,1936190],[904149,1936336],[904196,1936355]]],[[[899124,1940632],[899046,1940452],[898933,1940306],[899080,1940129],[899246,1940161],[899124,1940048],[899002,1940042],[898809,1940266],[898792,1940387],[899080,1940637],[899124,1940632]]],[[[920879,1942697],[921500,1942914],[921705,1943010],[921918,1943065],[922236,1942751],[922485,1942830],[922865,1942620],[923197,1942300],[923490,1941962],[923602,1941795],[923867,1941573],[923994,1941495],[924187,1941354],[924241,1941225],[924145,1940996],[924018,1940917],[923760,1940568],[923527,1940115],[923292,1939737],[923087,1939662],[923022,1939449],[922954,1939210],[923125,1937917],[923237,1937108],[922386,1937114],[921415,1937119],[921276,1937144],[921384,1937355],[921479,1937498],[921552,1937641],[921636,1937950],[921201,1938234],[921080,1938361],[921145,1938485],[921268,1938722],[921420,1938642],[921761,1938462],[921884,1938455],[922041,1938754],[921828,1938865],[921677,1938944],[921525,1939023],[921332,1939124],[921488,1939446],[921606,1939674],[921436,1939791],[920882,1938900],[920741,1938627],[920642,1938431],[920476,1938065],[919875,1938068],[919782,1938433],[919782,1938580],[919784,1938806],[919787,1939051],[919791,1939297],[920118,1939296],[920111,1939462],[920003,1939680],[919816,1939904],[920083,1939852],[920267,1939839],[920555,1940000],[920686,1940104],[920656,1940402],[920419,1940449],[920263,1940345],[920157,1940216],[919964,1940125],[919768,1940248],[919702,1940380],[919605,1940693],[919685,1940464],[919745,1940275],[919921,1940162],[920026,1940563],[920025,1940823],[920030,1940944],[920378,1941036],[920517,1941065],[920832,1940990],[920784,1940830],[920637,1940566],[920801,1940505],[921484,1940721],[921640,1940643],[922001,1940463],[922546,1940191],[922615,1940322],[922137,1940595],[922204,1940730],[922617,1940524],[922772,1940636],[922619,1940712],[922428,1940807],[922062,1940989],[921783,1941128],[921706,1941256],[921766,1941376],[922066,1941227],[922271,1941125],[922393,1941064],[922540,1940989],[922628,1941176],[922474,1941254],[921798,1941591],[921704,1941854],[921631,1942058],[921521,1942362],[921275,1942289],[921046,1942206],[921116,1941969],[921174,1941810],[921290,1941483],[921124,1941265],[920974,1941178],[920742,1941091],[920471,1941155],[920014,1941553],[920045,1941923],[920249,1942434],[920490,1942883],[920994,1943381],[921141,1943435],[921222,1943246],[921260,1943118],[921168,1942956],[921036,1942908],[920835,1942834],[920879,1942697]]],[[[919686,1944512],[919347,1944547],[919221,1944629],[919401,1944768],[919522,1944760],[919737,1944557],[919686,1944512]]],[[[904337,1936413],[904369,1936823],[904330,1936966],[904291,1937087],[904213,1937277],[904102,1937526],[903998,1937701],[903907,1937834],[903796,1937973],[903636,1938130],[903505,1938225],[903329,1938270],[903171,1938200],[903131,1938078],[903102,1937931],[902812,1937695],[902684,1937750],[902652,1937881],[902869,1938186],[903050,1938300],[903027,1938421],[902949,1938560],[902855,1938681],[902730,1938809],[902521,1938976],[902364,1939068],[902147,1939070],[901816,1938808],[901361,1938504],[901224,1938497],[900951,1938413],[901061,1938111],[900975,1937967],[900826,1938291],[900813,1938423],[900645,1938623],[900520,1938656],[900335,1938571],[899838,1938621],[899529,1938700],[899812,1938960],[899939,1938950],[900076,1938916],[900172,1939053],[900191,1939175],[900180,1939301],[900059,1939401],[899987,1939681],[900022,1939807],[900027,1939928],[900005,1940049],[899960,1940199],[899891,1940325],[899770,1940417],[899614,1940463],[899661,1940342],[899516,1940311],[899245,1940459],[899124,1940632],[898907,1940942],[898772,1941520],[898835,1941745],[899107,1942148],[899238,1942239],[899557,1942329],[899705,1942329],[899913,1942238],[900014,1942099],[900290,1942008],[900458,1942048],[901124,1942507],[901551,1942804],[902394,1943386],[902596,1943525],[902752,1943633],[904008,1944502],[904220,1944652],[904342,1944728],[904501,1944765],[905330,1944841],[905780,1944889],[905904,1944902],[906026,1944913],[906167,1944911],[906336,1944892],[906715,1944926],[907403,1945022],[907708,1944958],[908762,1944896],[908976,1944888],[909296,1944926],[909466,1944988],[910692,1945635],[911038,1945821],[911140,1945956],[911257,1946293],[911306,1946436],[911178,1946516],[911226,1946886],[911325,1947736],[911343,1947894],[911501,1948337],[911657,1948427],[911781,1948448],[911857,1948591],[911796,1948765],[911869,1948627],[911896,1948403],[912027,1948407],[912359,1948556],[912708,1948753],[912986,1948771],[913142,1948726],[913181,1948456],[913314,1948418],[913492,1948386],[913622,1948360],[913894,1948001],[913835,1947741],[914187,1947611],[914318,1947702],[914462,1947690],[914913,1947506],[915347,1947278],[915297,1947147],[915766,1946911],[915941,1946915],[916354,1946949],[917129,1946647],[917274,1946580],[917422,1946451],[917600,1946102],[917738,1945805],[917959,1945623],[918080,1945610],[918382,1945369],[918698,1944272],[918874,1944037],[918884,1943735],[918549,1943706],[918340,1943581],[918125,1943426],[917822,1943207],[917701,1943087],[917623,1942966],[917507,1942793],[917337,1942669],[917169,1942612],[916883,1942537],[916497,1942446],[916197,1942368],[916025,1942328],[915866,1942302],[915665,1942285],[915406,1942284],[915195,1942288],[915074,1942287],[914893,1942274],[914753,1942250],[914626,1942220],[914465,1942171],[914321,1942114],[914159,1942033],[913478,1941666],[913343,1941601],[913172,1941536],[912909,1941450],[912548,1941331],[912382,1941276],[912257,1941234],[912127,1941185],[911996,1941092],[911605,1940711],[911035,1940141],[910913,1939997],[910753,1939705],[910500,1939243],[910254,1938850],[910005,1938749],[909315,1938275],[909033,1938079],[908485,1937699],[908300,1937570],[908071,1937410],[907941,1937320],[907688,1937131],[907107,1936723],[906935,1936605],[906491,1936305],[906363,1936258],[906146,1936283],[905867,1936349],[905659,1936389],[905127,1936490],[904870,1936451],[904709,1936381],[904586,1936342],[904443,1936378],[904337,1936413]]],[[[911792,1949551],[911937,1949549],[912007,1949151],[911746,1949451],[911792,1949551]]],[[[918465,1949107],[918295,1949067],[918293,1948781],[918294,1948351],[918292,1948214],[918409,1948056],[918584,1947959],[918751,1947808],[918942,1947548],[918655,1947642],[918467,1947811],[918326,1947988],[918291,1947701],[918293,1947540],[918288,1947292],[917239,1947278],[916770,1947286],[916626,1947482],[916492,1947681],[916259,1948017],[915599,1947528],[915669,1947744],[915831,1947888],[916035,1948072],[916657,1948654],[916819,1948813],[916938,1948936],[917096,1949095],[917251,1949222],[917467,1949381],[918399,1949763],[918494,1949611],[918526,1949438],[918479,1949149],[918465,1949107]]]]}},{"type":"Feature","properties":{"name":"가평군","region":"경기"},"geometry":{"type":"MultiPolygon","coordinates":[[[[995778,2003839],[996084,2003242],[996156,2003033],[996123,2002885],[996103,2002743],[996135,2002486],[996213,2002049],[996272,2001886],[996624,2001427],[996749,2001301],[997181,2001057],[997336,2000981],[997479,2000763],[997982,2000699],[998222,2000708],[998378,2000692],[998504,2000602],[998709,2000543],[998908,2000562],[999072,2000558],[999234,2000531],[999772,2000412],[1000047,2000055],[1000344,1999773],[1000689,2000067],[1000944,2000080],[1001086,2000023],[1002294,2000150],[1002576,2000184],[1002730,2000265],[1003110,2000123],[1003242,2000074],[1003374,2000069],[1003501,2000064],[1003832,1999023],[1003850,1998749],[1003890,1998577],[1003986,1998360],[1004049,1998216],[1004142,1997591],[1004058,1997381],[1003922,1997305],[1003886,1997128],[1003887,1996968],[1003892,1996605],[1003972,1996421],[1004161,1996280],[1004310,1996260],[1004450,1996241],[1004688,1996168],[1004879,1996099],[1005129,1995912],[1005256,1995883],[1005437,1995871],[1005744,1995927],[1005983,1995971],[1006266,1996008],[1006538,1995975],[1006723,1995896],[1006840,1995720],[1006970,1995692],[1007176,1995749],[1007442,1995760],[1007735,1995612],[1008014,1995438],[1008209,1995293],[1008466,1995246],[1008822,1995182],[1009000,1995012],[1009029,1994770],[1009019,1994647],[1008940,1994247],[1009008,1994051],[1009115,1993846],[1009319,1993776],[1009575,1993689],[1009847,1993415],[1010048,1992751],[1010191,1992341],[1010246,1992047],[1010064,1991796],[1009847,1991580],[1009850,1991440],[1009856,1991232],[1010017,1990953],[1010162,1990541],[1010248,1990232],[1010277,1989998],[1010298,1989617],[1010163,1989338],[1010090,1989124],[1010059,1988911],[1009975,1988780],[1009847,1988714],[1009731,1988395],[1009505,1987888],[1009444,1987763],[1009448,1987528],[1009490,1987386],[1009547,1987263],[1009593,1987082],[1009570,1986933],[1009384,1986636],[1009352,1986444],[1009309,1986302],[1009116,1986084],[1008938,1986049],[1008633,1986119],[1008288,1986248],[1008093,1986237],[1007620,1986234],[1007492,1986262],[1006850,1986025],[1006674,1985866],[1006507,1985675],[1006321,1985484],[1006129,1985339],[1005965,1985066],[1005829,1984645],[1005879,1984383],[1005718,1984290],[1005590,1984131],[1005418,1984045],[1005282,1984071],[1005149,1984075],[1004936,1983982],[1004587,1983724],[1004406,1983573],[1004436,1983439],[1004402,1983123],[1004374,1983000],[1004032,1983003],[1003560,1982976],[1003258,1982805],[1002854,1982487],[1002591,1982218],[1002404,1981855],[1002254,1981463],[1002188,1981128],[1002164,1980584],[1002256,1980348],[1002447,1980210],[1002819,1980061],[1003075,1979776],[1003224,1979377],[1003288,1978980],[1003049,1978724],[1002913,1978578],[1002591,1978126],[1002169,1977556],[1002029,1977385],[1001833,1976983],[1001960,1976584],[1002120,1976371],[1002261,1976184],[1002393,1976070],[1002718,1975750],[1003082,1975243],[1003310,1974984],[1003604,1974579],[1003765,1974239],[1003962,1973776],[1003953,1973381],[1003826,1972978],[1003707,1972781],[1003314,1972390],[1003002,1972108],[1002699,1971905],[1002533,1971795],[1002191,1971582],[1002000,1971465],[1001724,1971313],[1001486,1971183],[1001364,1971093],[1001234,1970998],[1000988,1970758],[1000627,1970194],[1000606,1970049],[1000571,1969801],[1000542,1969395],[1000623,1969000],[1000696,1968862],[1001040,1968459],[1001183,1968667],[1001895,1969383],[1002177,1969652],[1002397,1969696],[1002610,1969647],[1002793,1969383],[1002986,1969149],[1003291,1968989],[1003540,1968875],[1003747,1968920],[1004342,1969371],[1004490,1969717],[1004726,1969905],[1004988,1969959],[1005192,1969917],[1005238,1969577],[1005285,1969318],[1005400,1969182],[1005447,1968961],[1005340,1968594],[1005208,1968463],[1005116,1968261],[1005138,1967784],[1005168,1967387],[1005039,1967257],[1004920,1967067],[1004871,1966729],[1004775,1966195],[1004677,1965979],[1004561,1965694],[1004485,1965378],[1004465,1965228],[1004482,1965006],[1004505,1964762],[1004480,1964192],[1004432,1964042],[1004380,1963740],[1004343,1963479],[1004326,1963234],[1004371,1963056],[1004508,1962899],[1004641,1962527],[1004508,1962292],[1004371,1962188],[1004232,1962154],[1004077,1962041],[1003993,1961804],[1003952,1961657],[1003868,1961361],[1003525,1961252],[1003378,1961235],[1003145,1961246],[1003109,1960853],[1003128,1960699],[1003347,1960223],[1003579,1960096],[1003732,1960022],[1004162,1959766],[1004251,1959451],[1004258,1959306],[1004557,1959158],[1004690,1959103],[1004839,1959026],[1004984,1958948],[1005242,1958784],[1005259,1958348],[1005268,1958159],[1005493,1957944],[1005660,1957830],[1005817,1957734],[1006213,1957132],[1006215,1956984],[1006193,1956675],[1006126,1956544],[1005997,1956513],[1005841,1956407],[1005533,1956134],[1005524,1955906],[1005530,1955768],[1005545,1955643],[1005431,1955291],[1005341,1955161],[1005242,1955024],[1005269,1954765],[1005356,1954544],[1005403,1954404],[1005434,1954255],[1005404,1954106],[1005321,1953871],[1004849,1953912],[1004712,1954144],[1004463,1954081],[1004234,1954011],[1003788,1953936],[1003368,1953885],[1003246,1954009],[1002163,1954147],[1001932,1954110],[1001802,1954044],[1001681,1953960],[1001648,1953775],[1001493,1953512],[1001288,1953288],[1000987,1953018],[1000694,1953042],[1000585,1952905],[1000263,1952732],[1000071,1952654],[999869,1952549],[999778,1952425],[999044,1952705],[998891,1952844],[998728,1952871],[998584,1952856],[998341,1952886],[997602,1953132],[997387,1953404],[997358,1953603],[997295,1954188],[997362,1954310],[997384,1954473],[997338,1954718],[997454,1955099],[997529,1955225],[997630,1956419],[997610,1956540],[997525,1956677],[997460,1956880],[997490,1957161],[997545,1957444],[997483,1957900],[997441,1958060],[997328,1958241],[997223,1958376],[996972,1958391],[996691,1958406],[996366,1958817],[996200,1959272],[996102,1959664],[996052,1959938],[996085,1960076],[995959,1960216],[995605,1960172],[995484,1960191],[995243,1960338],[995069,1960478],[994752,1960512],[994760,1960639],[994804,1960801],[994646,1960897],[994471,1961104],[994253,1961583],[994577,1962023],[994702,1962153],[994837,1962240],[994691,1962499],[994534,1962623],[994108,1963033],[994008,1963180],[993888,1963241],[993663,1963477],[993432,1962973],[993330,1962851],[993153,1962718],[992984,1962644],[992854,1962650],[992684,1962656],[992533,1962607],[992396,1962427],[992198,1962309],[992021,1962315],[991883,1962269],[991528,1961986],[991340,1961816],[991232,1961660],[991162,1961497],[991012,1961317],[990575,1961240],[990404,1961221],[989882,1961236],[989596,1961267],[989471,1961333],[989244,1961272],[988923,1961044],[988818,1960909],[988642,1960917],[988726,1961050],[989027,1961756],[989052,1961921],[989079,1962111],[989125,1962432],[989189,1962882],[989230,1963091],[989382,1963847],[989465,1964089],[989234,1964022],[988992,1964123],[988891,1964300],[988890,1964496],[988921,1964630],[988860,1964793],[988529,1965063],[988396,1965132],[988230,1965363],[988204,1965511],[988537,1965657],[988669,1965731],[988720,1965862],[988543,1965950],[988192,1965985],[987976,1966002],[987538,1966122],[987516,1966323],[987547,1966467],[987546,1966640],[987445,1966779],[987260,1967010],[987085,1967185],[987095,1967335],[987208,1967482],[987239,1967652],[987178,1967866],[987101,1968023],[987111,1968236],[987162,1968366],[987176,1968555],[987167,1968676],[987140,1968868],[987200,1969212],[987261,1969345],[986973,1969521],[986716,1969679],[986562,1969731],[986311,1969817],[986156,1969968],[986176,1970119],[986206,1970273],[986122,1970902],[986047,1971027],[985886,1971100],[985551,1971478],[985484,1971602],[985318,1971998],[985244,1972285],[985362,1972558],[985240,1972688],[985084,1972886],[984929,1973145],[984712,1973419],[984187,1974066],[983813,1974377],[983674,1974369],[983387,1974293],[983062,1974488],[982834,1974702],[982615,1974886],[982465,1974906],[981982,1975035],[981591,1975067],[981419,1975030],[981097,1975022],[980882,1975022],[980714,1975071],[980401,1975034],[980110,1974945],[979864,1975225],[979663,1975492],[979475,1975602],[979598,1975787],[979575,1976101],[979635,1976227],[979784,1976320],[980005,1976693],[979882,1976881],[979813,1977136],[979919,1977387],[980033,1977530],[980502,1978353],[980475,1978498],[980446,1978895],[980483,1979267],[980577,1979645],[980549,1979775],[980460,1979956],[980353,1980206],[980383,1980333],[980394,1980470],[980275,1980594],[980135,1980751],[980150,1981149],[980244,1981345],[980285,1981539],[980263,1981659],[980272,1981795],[980400,1981999],[980529,1982219],[980540,1982425],[980786,1982797],[980909,1982898],[981101,1983042],[981196,1983184],[981037,1983295],[980731,1983751],[980683,1984012],[980987,1984442],[981108,1984667],[981154,1984884],[981184,1985107],[981279,1985365],[981343,1985505],[981439,1985636],[981608,1985895],[981674,1986065],[981999,1985577],[982249,1985434],[982652,1985431],[982808,1985454],[982939,1985441],[983173,1985373],[983314,1985204],[983519,1985125],[983513,1985258],[983649,1985360],[983797,1985344],[983930,1985469],[983985,1985591],[984047,1985714],[984178,1985776],[984319,1985755],[984501,1985890],[984618,1986374],[984545,1986500],[984423,1986582],[984393,1986792],[984374,1987231],[984386,1987510],[984456,1987729],[984593,1987845],[984717,1987914],[984815,1988042],[984919,1988255],[984820,1988523],[984741,1989182],[984776,1989323],[984832,1989448],[985013,1989678],[985019,1989952],[984760,1990202],[984848,1990339],[984994,1990619],[984998,1990981],[984928,1991262],[985020,1991440],[985065,1991613],[985080,1991755],[985297,1991791],[985494,1991661],[985626,1991532],[985790,1991479],[986126,1991675],[986248,1991781],[986370,1991847],[986660,1991643],[986661,1991481],[986784,1991311],[986929,1991254],[987391,1991257],[987886,1991726],[988022,1991769],[988204,1991958],[988216,1992119],[988403,1992194],[988532,1992260],[988746,1992578],[988851,1992789],[989016,1992987],[989268,1993199],[989397,1993212],[989568,1993385],[989644,1993524],[989705,1993653],[989858,1993712],[989887,1993887],[989913,1994093],[989702,1994437],[989529,1994516],[989368,1994485],[989163,1994814],[989289,1995085],[989400,1995258],[989403,1995403],[989242,1995527],[989185,1995653],[989179,1995912],[989297,1996206],[989437,1996298],[989656,1996630],[989642,1996790],[989660,1996940],[989750,1997133],[989847,1997460],[989832,1997626],[989827,1997835],[989888,1998046],[990026,1998185],[990253,1998120],[990393,1998215],[990625,1998448],[990843,1998656],[991077,1998804],[991445,1998964],[991606,1998938],[991800,1999121],[991871,1999296],[992002,1999569],[992177,1999657],[992347,1999762],[992524,2000220],[992519,2000372],[992494,2000628],[992520,2000778],[992710,2001085],[992868,2001328],[992847,2001490],[992845,2001634],[992964,2001939],[993285,2002250],[993470,2002546],[993568,2002859],[993606,2003047],[993565,2003177],[993472,2003308],[993343,2003431],[993389,2003714],[993592,2003747],[993989,2003931],[994312,2004216],[994629,2004579],[994749,2004854],[995056,2005309],[995283,2005684],[995469,2005606],[995821,2005338],[995849,2004880],[995767,2004614],[995702,2004227],[995791,2003928],[995778,2003839]]]]}},{"type":"Feature","properties":{"name":"고양시 덕양구","region":"경기"},"geometry":{"type":"MultiPolygon","coordinates":[[[[952298,1959050],[952648,1959444],[952613,1959600],[952580,1959730],[952352,1960364],[952274,1960626],[952220,1961045],[952142,1961514],[951952,1961782],[951769,1961856],[951637,1961852],[951468,1961966],[951301,1962102],[951306,1962241],[950844,1962193],[950635,1962066],[950519,1961930],[950420,1961729],[950365,1961596],[950238,1961464],[950062,1961399],[949913,1961360],[949461,1961109],[949318,1960989],[949197,1960892],[948279,1960748],[948156,1960795],[948027,1960889],[947830,1961045],[947603,1961185],[948151,1960700],[948050,1960331],[948051,1959767],[947866,1959594],[947686,1959491],[947702,1959210],[947834,1959012],[947842,1958831],[947815,1958699],[947711,1958570],[947671,1958442],[947654,1958198],[947542,1958075],[947512,1957903],[947379,1957873],[947238,1957605],[947134,1957217],[947071,1957031],[947096,1956824],[947151,1956541],[947225,1956204],[947052,1956136],[947039,1956008],[947084,1955887],[947153,1955719],[947141,1955379],[947064,1955147],[946993,1954868],[946998,1954660],[946751,1954523],[946273,1954515],[945934,1954540],[945778,1954636],[945749,1954796],[945834,1954973],[945907,1955107],[945700,1955082],[945561,1954888],[945322,1954666],[945044,1954277],[945003,1954120],[944999,1953850],[945029,1953655],[945037,1953530],[944925,1953383],[944718,1953395],[944511,1953377],[944002,1953312],[943790,1953245],[943425,1953067],[943251,1952989],[943112,1952956],[942923,1952910],[942922,1952687],[942721,1952861],[942461,1953064],[941937,1953523],[941475,1953893],[941250,1954065],[941016,1954247],[940641,1954458],[940427,1954628],[940289,1954739],[940156,1954847],[939973,1954995],[939853,1955142],[939752,1955322],[939439,1955578],[939301,1955670],[939139,1955794],[939006,1955916],[938441,1956408],[938255,1956521],[937966,1956715],[937829,1956830],[936999,1957511],[936598,1957810],[936452,1957919],[936000,1958259],[935684,1958498],[935456,1958663],[935289,1958772],[935162,1958854],[935029,1958940],[934662,1959173],[934749,1959351],[934941,1959750],[935064,1959795],[935203,1959749],[935509,1959564],[936106,1959343],[936361,1959332],[936622,1959286],[936756,1959229],[936885,1959159],[937033,1959064],[937204,1958938],[937431,1958700],[937692,1958970],[937757,1959106],[937752,1959731],[937789,1960218],[937821,1960340],[938009,1960520],[938247,1960747],[938430,1960832],[938498,1960681],[938727,1960695],[939030,1960994],[939274,1961162],[939425,1960945],[939397,1960790],[939703,1960950],[939618,1961177],[939626,1961725],[939642,1961877],[939734,1962017],[939704,1962166],[939520,1962188],[939337,1962125],[939206,1962301],[939238,1962430],[939420,1962486],[939543,1962681],[939579,1962806],[939798,1962971],[940074,1962908],[940266,1962844],[940196,1963079],[940112,1963347],[940092,1963671],[940178,1963834],[940500,1963995],[940649,1964228],[940745,1964355],[941115,1964400],[941207,1964612],[941298,1965004],[941453,1965029],[941742,1964993],[941844,1965148],[941957,1965316],[942182,1965437],[942334,1965327],[942519,1965366],[942552,1965513],[942608,1965827],[943029,1965576],[942994,1965783],[943105,1965970],[943229,1966104],[943222,1966255],[943111,1966394],[942989,1966456],[942847,1966588],[942690,1966822],[942537,1967077],[942507,1967205],[942367,1967700],[942268,1967903],[942169,1968055],[942140,1968241],[942132,1968377],[942110,1968541],[942040,1968673],[941894,1968766],[941914,1969002],[941939,1969183],[941876,1969319],[941764,1969548],[941593,1969811],[941554,1969968],[941788,1970105],[941891,1970287],[941975,1970419],[943051,1970788],[943209,1970841],[943511,1970700],[943705,1970533],[943855,1970518],[944042,1970526],[944172,1970323],[944301,1970087],[944639,1970197],[944754,1969944],[944805,1969780],[944948,1969713],[945127,1969751],[945344,1969794],[945552,1969764],[945805,1969643],[945934,1969646],[945994,1969520],[946123,1969449],[946540,1969773],[946892,1969869],[947063,1969867],[947297,1970003],[947408,1970538],[947366,1970660],[947245,1970836],[947215,1971013],[947294,1971208],[947447,1971498],[947656,1971614],[947837,1971783],[948105,1972042],[948644,1972204],[948813,1972120],[949157,1972089],[949297,1972150],[949634,1972241],[949843,1972136],[950054,1971957],[949823,1971773],[949819,1971310],[949878,1971045],[949832,1970866],[949650,1970881],[949185,1970518],[949035,1970229],[949103,1970092],[949193,1969898],[949172,1969731],[949237,1969269],[949313,1969120],[949173,1968646],[949032,1968429],[949096,1968308],[949281,1968185],[949348,1967831],[949266,1967688],[949097,1967358],[949063,1967203],[949053,1967034],[949075,1966912],[949018,1966777],[948903,1966522],[948678,1966040],[948444,1965567],[948349,1965211],[948364,1964889],[948237,1964256],[948150,1964122],[947980,1964014],[947823,1963984],[947646,1964157],[947759,1963596],[947980,1963446],[948123,1963412],[948451,1963559],[949613,1963710],[949921,1963702],[950163,1963658],[950455,1963603],[950583,1963616],[950869,1963754],[951013,1964225],[950962,1964396],[950892,1964523],[951084,1965287],[951252,1965392],[951375,1965446],[951564,1965502],[951691,1965644],[951770,1965873],[951840,1966037],[952030,1966057],[952159,1965960],[952317,1965929],[952469,1965969],[952902,1965919],[953148,1965714],[953648,1965395],[953824,1965351],[954074,1965322],[954363,1965197],[954500,1965086],[954768,1964850],[955099,1964601],[955223,1964576],[955314,1964358],[955377,1964052],[955407,1963486],[955386,1963178],[955263,1963012],[955020,1962899],[954867,1962888],[954786,1962581],[954712,1962344],[954385,1962009],[954238,1962014],[954103,1961965],[954127,1961829],[954223,1961596],[954333,1961433],[954476,1961250],[954534,1961028],[954562,1960856],[954496,1960694],[954462,1960422],[954640,1960250],[954491,1959778],[954342,1959717],[953854,1959407],[953709,1959267],[953503,1959343],[952978,1959161],[952734,1959124],[952479,1959081],[952298,1959050]]]]}},{"type":"Feature","properties":{"name":"고양시 일산동구","region":"경기"},"geometry":{"type":"MultiPolygon","coordinates":[[[[939522,1969542],[939662,1969647],[939820,1969770],[939942,1969777],[940176,1969754],[940621,1969842],[940790,1969880],[941141,1970105],[941396,1970009],[941554,1969968],[941593,1969811],[941752,1969570],[941876,1969319],[941939,1969183],[941914,1969002],[941894,1968766],[942021,1968693],[942104,1968567],[942132,1968377],[942140,1968241],[942163,1968072],[942242,1967943],[942367,1967700],[942536,1967307],[942528,1967104],[942639,1966907],[942798,1966655],[942916,1966505],[943073,1966417],[943196,1966318],[943229,1966104],[943154,1965972],[942994,1965783],[943029,1965576],[942677,1965789],[942552,1965513],[942530,1965383],[942374,1965322],[942182,1965437],[941957,1965316],[941844,1965148],[941742,1964993],[941453,1965029],[941298,1965004],[941206,1964714],[941232,1964461],[940861,1964373],[940731,1964340],[940564,1964017],[940294,1963903],[940120,1963781],[940112,1963347],[940196,1963079],[940273,1962886],[940074,1962908],[939864,1962968],[939588,1962821],[939543,1962681],[939522,1962555],[939238,1962430],[939206,1962301],[939337,1962125],[939520,1962188],[939673,1962176],[939754,1962048],[939642,1961877],[939626,1961725],[939615,1961215],[939668,1961030],[939397,1960790],[939425,1960945],[939363,1961129],[939030,1960994],[938790,1960741],[938615,1960654],[938430,1960832],[938247,1960747],[938009,1960520],[937901,1960385],[937789,1960218],[937737,1959795],[937757,1959106],[937692,1958970],[937508,1958764],[937228,1958905],[937050,1959051],[936885,1959159],[936756,1959229],[936622,1959286],[936421,1959330],[936208,1959339],[935509,1959564],[935318,1959663],[935064,1959795],[934941,1959750],[934749,1959351],[934662,1959173],[934453,1959310],[934228,1959439],[933945,1959519],[933477,1959798],[933120,1960156],[933030,1960295],[932627,1960678],[932485,1961040],[932303,1961165],[932481,1961371],[932624,1961518],[933217,1961989],[933340,1961982],[933483,1962226],[933280,1962269],[933363,1962466],[933516,1962738],[933717,1963098],[934297,1962774],[934415,1962937],[934559,1963196],[934971,1962898],[935373,1963206],[935507,1963309],[935613,1963431],[935719,1963621],[935907,1963916],[936288,1964597],[936345,1964719],[936369,1964872],[936331,1965288],[936311,1965488],[936272,1965860],[936284,1966019],[936322,1966213],[936364,1966424],[936473,1966694],[936596,1966808],[936445,1966963],[936275,1966987],[936067,1967160],[935967,1967305],[935995,1967463],[936009,1967588],[935962,1967825],[935993,1967983],[936052,1968213],[936175,1968376],[936384,1968732],[936484,1968880],[936737,1968961],[936931,1969061],[936921,1969183],[937210,1969492],[937337,1969536],[937482,1969564],[937645,1969699],[937784,1969906],[937877,1970064],[937931,1970229],[937892,1970567],[937794,1970769],[937975,1970927],[938141,1970985],[938419,1970775],[938439,1970613],[938417,1970450],[938517,1970195],[938668,1969969],[938885,1969946],[939038,1969940],[939209,1969840],[939252,1969708],[939522,1969542]]]]}},{"type":"Feature","properties":{"name":"고양시 일산서구","region":"경기"},"geometry":{"type":"MultiPolygon","coordinates":[[[[935952,1967393],[935975,1967267],[936190,1967051],[936373,1966960],[936632,1966872],[936509,1966750],[936375,1966459],[936322,1966213],[936284,1966019],[936268,1965893],[936299,1965602],[936331,1965288],[936369,1964872],[936354,1964745],[936291,1964606],[935930,1963951],[935719,1963621],[935618,1963440],[935517,1963317],[935373,1963206],[934971,1962898],[934568,1963211],[934415,1962937],[934297,1962774],[933717,1963098],[933516,1962738],[933380,1962496],[933262,1962283],[933383,1962251],[933440,1961966],[933244,1961999],[932631,1961525],[932481,1961371],[932296,1961175],[932002,1961284],[931767,1961311],[931619,1961333],[931302,1961509],[931098,1961624],[930713,1961847],[930361,1962057],[930193,1962157],[929513,1962562],[928739,1963039],[927708,1963740],[927507,1963873],[927303,1964101],[927216,1964287],[927039,1964601],[926906,1964992],[926856,1965211],[926848,1965388],[926954,1965964],[927032,1966508],[927100,1966845],[927150,1967070],[927355,1966981],[927710,1966754],[927963,1966585],[928320,1966183],[928427,1966028],[928529,1965844],[928650,1965782],[928797,1965981],[929003,1966197],[929338,1966501],[929537,1966678],[929695,1966629],[929904,1966669],[930065,1966752],[930242,1966876],[930398,1966955],[930597,1966974],[930751,1966983],[930916,1967017],[931487,1967260],[931604,1967414],[931728,1967514],[932083,1967554],[932265,1967548],[932434,1967546],[932566,1967507],[932740,1967475],[932877,1967478],[933117,1967583],[933399,1967557],[933538,1967518],[933628,1967395],[933767,1967340],[933889,1967314],[934084,1967463],[934389,1967563],[934765,1967339],[934957,1967411],[935102,1967460],[935229,1967480],[935392,1967763],[935781,1967549],[935952,1967393]]]]}},{"type":"Feature","properties":{"name":"과천시","region":"경기"},"geometry":{"type":"MultiPolygon","coordinates":[[[[956161,1940997],[956218,1940852],[956179,1940656],[956550,1939954],[956715,1939776],[956873,1939706],[957062,1939629],[957520,1939729],[957681,1939777],[958029,1939924],[958323,1940418],[958400,1940668],[958473,1940801],[958607,1940804],[958844,1940653],[958807,1940494],[958767,1940322],[959029,1939795],[959060,1939672],[958941,1939324],[959046,1939156],[959114,1939015],[959152,1938620],[959137,1938471],[959087,1938333],[959013,1938201],[958891,1938086],[958916,1937861],[959040,1937781],[959221,1937764],[959349,1937756],[959676,1937419],[959827,1937243],[959943,1937083],[959955,1936934],[959520,1936687],[959458,1936320],[959456,1936197],[959524,1936032],[959499,1935806],[959468,1935570],[959455,1935348],[959175,1935068],[959050,1935077],[958928,1935083],[958788,1935069],[958476,1934977],[958353,1934928],[958220,1934867],[958058,1934868],[957683,1934906],[957426,1934970],[957248,1935041],[956933,1935082],[956853,1934882],[956549,1934911],[956383,1934640],[956208,1934420],[956076,1934368],[955922,1934290],[955774,1934105],[955242,1934108],[955140,1934262],[955050,1934401],[954864,1934465],[954710,1934436],[954506,1934307],[954262,1933762],[954186,1933634],[954052,1933842],[953861,1933919],[953847,1934078],[953768,1934210],[953635,1934241],[953564,1934971],[953432,1935241],[953165,1935443],[952931,1935466],[952564,1935669],[952435,1935888],[952302,1936410],[952382,1936539],[952415,1936808],[952575,1937035],[952511,1937434],[952586,1937738],[952676,1937866],[952709,1938030],[952571,1938090],[952620,1938290],[952582,1938583],[952914,1938933],[953085,1939011],[953278,1939303],[953530,1939598],[954190,1939844],[954399,1939892],[954653,1939946],[954775,1940008],[954889,1940134],[955015,1940225],[955277,1940366],[955497,1940415],[955551,1940616],[955456,1940946],[955767,1940997],[955959,1940991],[956111,1941061],[956161,1940997]]]]}},{"type":"Feature","properties":{"name":"광명시","region":"경기"},"geometry":{"type":"MultiPolygon","coordinates":[[[[944567,1943413],[944722,1943443],[944870,1943482],[944896,1943361],[944737,1943118],[944581,1943174],[944459,1943077],[944548,1942879],[944657,1942600],[944737,1942388],[944826,1942169],[945003,1941804],[945086,1941667],[945166,1941536],[945311,1941299],[945513,1941011],[945425,1940740],[945623,1940540],[945758,1940583],[945887,1940465],[945722,1940368],[945641,1940246],[945687,1939989],[945720,1939862],[945898,1939728],[946012,1939565],[946005,1939445],[946140,1939402],[946400,1939453],[946454,1939280],[946544,1938961],[946554,1938666],[946791,1938339],[946887,1938080],[946832,1937895],[946906,1937465],[946752,1937071],[946545,1936995],[946414,1936832],[946403,1936689],[946535,1936691],[946609,1936427],[946383,1936080],[946189,1935882],[946063,1935868],[945980,1935745],[945945,1935619],[945950,1935299],[945956,1935174],[945953,1934948],[945807,1934810],[945653,1934892],[945512,1934896],[945216,1934816],[945058,1934611],[944785,1934799],[944444,1934926],[944323,1934918],[944267,1934521],[944281,1934400],[944401,1934353],[944604,1934375],[944762,1934334],[944919,1934175],[944858,1933858],[944667,1933795],[944480,1933839],[944309,1933861],[943794,1933821],[943570,1933797],[943297,1933822],[943134,1933875],[942925,1934009],[942751,1934516],[942413,1934804],[942228,1934895],[942081,1935396],[942016,1935923],[942043,1936076],[941904,1936435],[941786,1936864],[941740,1937360],[941739,1937484],[941615,1937670],[941495,1937715],[941401,1937869],[941402,1938264],[941432,1938579],[941471,1938855],[941527,1939010],[941484,1939263],[941471,1939562],[941486,1939796],[941220,1940154],[941140,1940285],[941019,1940330],[940670,1940142],[940445,1940248],[940453,1940457],[940515,1940598],[940839,1940935],[940968,1940938],[941062,1941102],[941045,1941329],[940961,1941661],[940960,1942108],[941168,1941896],[941298,1941924],[941489,1942000],[941889,1941952],[942013,1941845],[942172,1942543],[942214,1942674],[942473,1942711],[942594,1942675],[942715,1942689],[942842,1942795],[943113,1943135],[943240,1943176],[943355,1943336],[943462,1943488],[943554,1943616],[943682,1943702],[943823,1943740],[943972,1943887],[944099,1944125],[944266,1944084],[944253,1943911],[944296,1943636],[944567,1943413]]]]}},{"type":"Feature","properties":{"name":"광주시","region":"경기"},"geometry":{"type":"MultiPolygon","coordinates":[[[[987209,1948398],[987428,1948285],[987569,1948204],[987720,1948115],[987921,1947991],[988039,1947857],[988485,1947224],[988743,1946749],[988800,1946604],[988862,1946421],[989026,1945916],[989268,1945411],[989380,1945181],[989650,1944721],[989769,1944568],[989828,1944413],[989579,1943967],[989519,1943807],[989428,1943463],[989537,1943156],[989715,1942932],[989905,1942482],[989967,1942334],[990164,1941853],[990159,1941678],[990052,1941378],[989979,1941222],[990004,1940957],[990053,1940766],[989989,1940583],[989872,1940410],[989843,1940273],[989839,1940131],[989748,1939989],[989626,1939926],[989351,1939918],[989229,1939956],[988919,1939917],[988781,1939876],[988424,1939746],[988474,1939532],[988720,1939192],[988748,1938833],[988746,1938682],[988706,1938550],[988712,1938429],[989293,1938285],[989512,1938287],[989641,1938194],[989627,1938039],[989744,1937312],[990206,1936684],[990397,1936543],[990548,1936435],[990769,1936337],[990926,1936186],[991014,1936063],[991041,1935885],[991176,1935813],[991261,1935683],[991244,1935535],[991120,1935392],[991002,1935198],[991052,1935017],[991513,1934569],[991684,1934446],[991990,1934270],[992139,1934174],[992214,1934029],[992286,1933807],[992284,1933648],[992229,1933483],[992254,1933353],[992369,1932981],[992578,1932577],[992753,1932264],[992940,1931977],[993163,1931857],[993305,1931854],[993503,1931940],[993641,1932024],[993764,1932083],[993940,1932041],[994143,1931976],[994359,1931961],[994692,1932024],[994895,1932033],[995099,1931839],[995116,1931705],[995152,1931343],[994993,1930790],[995016,1930025],[995041,1929618],[995136,1929395],[995197,1929224],[994908,1928814],[994657,1928670],[994518,1928577],[994333,1928442],[994193,1928185],[994138,1927974],[994074,1927831],[993853,1927571],[993491,1927299],[993370,1927235],[993131,1927167],[993008,1927063],[993003,1926770],[992957,1926579],[992460,1926134],[992273,1926125],[991857,1925785],[991719,1925602],[991592,1925372],[991463,1925300],[991338,1925348],[991183,1925386],[990591,1924957],[990460,1924782],[990461,1924629],[990337,1924537],[989993,1924426],[989248,1924472],[989103,1924645],[988837,1924516],[988704,1924399],[988665,1924219],[988469,1924030],[988284,1924013],[987999,1924126],[987901,1923725],[987951,1923580],[988016,1923459],[988020,1923301],[987553,1923099],[987399,1922996],[987368,1922823],[987282,1922690],[987140,1922553],[987089,1922413],[987283,1922273],[987358,1922088],[987338,1921797],[987082,1921707],[986929,1921462],[986759,1921347],[986573,1921252],[986389,1921296],[986263,1921374],[986083,1921370],[985862,1921094],[985848,1920969],[985981,1920889],[986042,1920755],[986056,1920607],[986114,1920440],[986347,1920180],[986479,1920102],[986624,1919791],[986254,1919459],[986022,1919328],[985892,1919324],[985712,1919125],[985578,1919100],[985182,1919063],[984963,1919050],[984565,1919281],[984267,1919481],[984129,1919506],[983950,1919533],[983335,1919444],[983206,1919359],[982870,1919180],[982736,1919130],[982599,1919101],[982496,1918963],[982473,1918811],[982495,1918681],[982286,1918498],[982121,1918476],[981963,1918509],[981874,1918671],[981864,1918851],[981660,1919149],[981482,1919204],[981334,1919175],[981137,1919108],[980997,1919041],[980642,1918885],[980427,1919004],[980384,1919258],[980229,1919346],[980127,1919509],[980249,1919674],[980423,1919744],[980559,1919822],[980603,1920158],[980507,1920300],[980489,1920549],[980474,1920740],[980310,1921191],[980357,1921361],[980604,1921977],[980631,1922124],[980482,1922668],[980373,1922915],[980372,1923076],[980260,1923264],[980516,1923876],[980676,1924078],[980802,1924406],[980771,1924602],[980617,1925039],[980475,1925467],[980454,1925683],[980467,1925830],[980568,1926075],[980653,1926233],[980774,1926387],[980817,1926598],[980796,1927133],[980752,1927263],[980613,1927440],[980271,1927268],[980140,1927143],[979874,1927062],[979501,1927042],[979249,1927075],[979064,1927248],[979016,1927429],[978960,1927561],[978892,1927687],[978768,1927787],[978606,1927867],[978296,1927978],[978052,1928117],[977826,1928331],[977613,1928541],[977403,1928496],[977226,1928367],[977049,1928392],[976894,1928546],[976854,1928773],[976862,1928945],[976803,1929072],[976666,1928934],[976551,1928813],[976427,1928794],[976175,1928842],[975897,1928805],[975600,1928502],[975436,1928417],[975258,1928410],[975130,1928514],[974976,1928535],[974968,1928246],[975198,1927984],[975339,1927854],[975433,1927691],[975420,1927549],[975248,1927630],[975121,1927489],[974953,1926924],[974830,1926703],[974613,1926552],[974478,1926522],[974204,1925863],[973796,1925613],[973593,1925522],[973468,1925566],[973389,1925705],[973185,1926111],[973137,1926386],[973225,1926570],[973267,1926745],[973247,1926974],[973184,1927120],[973075,1927300],[972704,1927623],[972552,1927562],[972422,1927486],[972257,1927419],[971765,1927233],[971552,1927177],[971394,1927312],[971118,1927337],[970256,1927217],[970041,1927167],[969893,1927074],[969761,1926953],[969256,1926825],[968900,1926626],[968727,1926521],[968593,1926492],[968451,1926467],[968311,1926461],[968189,1926574],[968131,1926701],[967997,1926806],[967795,1926964],[967771,1927106],[967854,1927269],[967770,1927470],[967511,1927779],[967468,1927983],[967564,1928114],[967634,1928264],[967611,1928402],[967555,1928541],[967662,1928826],[967883,1928996],[968103,1929066],[968281,1929008],[968481,1928989],[968952,1929177],[969250,1929431],[969378,1929689],[969430,1929861],[969566,1930007],[969949,1930456],[970003,1930811],[969976,1930975],[970058,1931228],[970362,1931264],[970601,1931298],[971073,1931558],[971331,1931794],[971421,1932054],[970999,1932379],[970658,1932642],[970633,1932982],[970943,1933596],[971137,1934092],[971309,1934326],[971406,1934488],[971467,1934662],[971496,1934875],[971485,1935029],[971728,1935230],[971870,1935170],[972102,1935204],[972155,1935366],[972172,1935496],[972460,1935798],[972598,1935908],[972732,1935945],[972923,1936167],[972967,1936289],[972919,1936601],[972962,1936780],[973054,1936908],[972915,1937222],[972911,1937348],[972902,1937655],[972900,1937821],[972941,1937978],[973015,1938141],[973082,1938283],[973067,1938443],[973044,1938699],[973009,1939153],[972929,1939345],[972731,1939804],[972529,1939951],[972345,1939932],[972120,1940006],[972054,1940174],[971892,1940556],[971854,1940750],[971896,1940999],[971888,1941267],[971796,1941604],[971598,1941780],[971460,1941850],[971327,1941986],[971292,1942283],[971313,1942625],[971330,1942814],[971509,1943156],[971568,1942952],[971833,1942842],[972052,1942793],[972125,1942657],[972208,1942482],[972451,1942395],[972751,1942430],[973118,1942374],[973280,1942306],[973429,1942346],[973561,1942600],[973582,1942760],[973834,1942413],[974066,1942388],[974851,1942601],[975129,1942525],[975317,1942415],[975861,1942157],[975985,1942062],[976511,1942049],[977245,1941960],[977397,1941959],[977609,1942274],[977633,1942396],[977490,1942512],[977397,1942869],[977574,1943008],[977769,1943038],[977908,1942963],[978087,1942905],[978217,1942897],[978209,1943020],[978424,1943286],[978645,1943409],[978712,1943561],[978703,1943688],[978599,1943935],[978349,1944335],[978190,1944914],[978313,1945255],[978847,1945356],[978977,1945372],[979236,1945310],[979486,1945254],[980080,1945483],[980340,1945698],[980582,1946007],[980873,1946143],[981062,1946145],[981092,1945967],[981119,1945806],[981147,1945623],[981160,1945498],[981183,1945347],[981364,1945199],[981550,1945159],[981671,1945157],[981867,1945176],[982042,1945253],[982368,1945402],[982493,1945487],[982776,1945865],[982923,1946176],[982914,1946299],[982915,1946582],[982923,1946708],[983077,1946731],[983149,1946924],[983127,1947115],[983112,1947528],[983473,1947704],[983599,1947703],[983803,1947799],[984072,1948065],[984288,1948278],[984472,1948429],[984629,1948490],[985109,1948468],[985252,1948431],[985439,1948395],[985901,1948392],[986037,1948439],[986167,1948489],[986292,1948507],[986416,1948516],[986623,1948516],[987026,1948459],[987209,1948398]]]]}},{"type":"Feature","properties":{"name":"구리시","region":"경기"},"geometry":{"type":"MultiPolygon","coordinates":[[[[968775,1960589],[968953,1960275],[969068,1960047],[969045,1959521],[968947,1959288],[968822,1959132],[968665,1959040],[968560,1958668],[968510,1958478],[968481,1958257],[968495,1958122],[968538,1957972],[968645,1957827],[968755,1957693],[968785,1957571],[968801,1957420],[968730,1957263],[968734,1957119],[968831,1956945],[968923,1956784],[968926,1956624],[968937,1956355],[968993,1956185],[969149,1955735],[969228,1955571],[969426,1955392],[969644,1955264],[969925,1955191],[970124,1955204],[970255,1955218],[970409,1955170],[970572,1955099],[970715,1954944],[970775,1954762],[970698,1954630],[970525,1954549],[970366,1954544],[970215,1954530],[970082,1954404],[970025,1954207],[970074,1954082],[970298,1953932],[970418,1953919],[970916,1953567],[970743,1953342],[970575,1953340],[970204,1953093],[970052,1952974],[969703,1952675],[969533,1952575],[969375,1952456],[969202,1952327],[969069,1952229],[968748,1952177],[968002,1952179],[967744,1952136],[967402,1952010],[967202,1951931],[966701,1951637],[966206,1951194],[966097,1951054],[966015,1950893],[965816,1951120],[965513,1951094],[965347,1951001],[965235,1950863],[965106,1950859],[964863,1951177],[964785,1951309],[964779,1951433],[964817,1951623],[964939,1952144],[965017,1952421],[965002,1952578],[964825,1952633],[964757,1952785],[964781,1953041],[964853,1953205],[964948,1953355],[964959,1953500],[965146,1953649],[965337,1953751],[965475,1953849],[965543,1954055],[965582,1954298],[965783,1954788],[966015,1954968],[966159,1955026],[966179,1955190],[966078,1955392],[965968,1955586],[966065,1955875],[966286,1956200],[966169,1956672],[966222,1956930],[966199,1957266],[966173,1957434],[966129,1957792],[965772,1957944],[965191,1957954],[965135,1958087],[965084,1958276],[965230,1958726],[965489,1958943],[965661,1959107],[965783,1959313],[965810,1959740],[965719,1960361],[965757,1960512],[965932,1960487],[966091,1960548],[966255,1960483],[966500,1960434],[966896,1960342],[967062,1960283],[967269,1960316],[967498,1960334],[967619,1960444],[968167,1960773],[968290,1960793],[968753,1960600],[968775,1960589]]]]}},{"type":"Feature","properties":{"name":"군포시","region":"경기"},"geometry":{"type":"MultiPolygon","coordinates":[[[[950573,1931210],[950864,1930986],[950995,1930887],[950933,1930760],[950926,1930615],[951106,1930191],[951350,1929968],[951611,1929794],[951750,1929831],[951920,1929802],[952032,1929679],[952339,1929337],[952328,1928997],[952229,1928750],[952347,1928532],[952312,1928259],[952125,1927818],[952023,1927681],[951998,1927554],[951965,1927399],[951691,1927094],[951571,1927007],[951229,1926953],[951126,1926445],[951100,1925460],[950977,1925065],[950850,1924723],[950452,1924900],[950229,1925017],[950084,1925034],[949994,1924909],[949943,1924788],[949735,1924557],[949564,1924453],[949434,1924349],[949497,1923917],[949624,1923765],[949729,1923515],[949696,1923363],[949564,1923290],[949282,1923252],[949060,1923259],[948807,1923199],[948671,1923101],[948289,1923058],[948155,1923113],[948131,1923878],[948196,1924018],[948225,1924218],[948079,1924266],[947948,1924227],[947813,1924299],[947749,1924442],[947894,1924496],[947574,1924872],[947298,1924883],[946713,1924750],[946294,1924695],[946154,1924721],[945938,1924624],[945718,1924486],[945595,1924630],[945352,1924835],[945224,1924866],[944890,1924691],[944561,1924860],[944574,1925028],[944441,1925482],[944503,1925733],[944815,1926148],[945218,1926347],[945319,1926561],[945516,1926752],[945620,1926943],[945657,1927129],[945702,1927515],[945692,1927681],[945758,1927849],[945848,1927973],[946142,1928267],[946313,1928648],[946346,1928803],[946496,1929052],[946859,1929027],[947116,1929118],[947438,1929329],[947569,1929656],[947699,1929948],[947796,1930110],[947777,1930241],[947970,1930652],[948148,1930747],[948234,1930871],[948512,1931033],[948825,1931017],[948960,1931046],[949238,1931075],[949648,1931085],[949783,1931098],[950039,1930907],[950161,1930940],[950414,1930908],[950505,1931041],[950463,1931208],[950573,1931210]]]]}},{"type":"Feature","properties":{"name":"김포시","region":"경기"},"geometry":{"type":"MultiPolygon","coordinates":[[[[916129,1955614],[916024,1955836],[915948,1956061],[915901,1956278],[915930,1956585],[916029,1956752],[916089,1956629],[916117,1956476],[916191,1956210],[916201,1956018],[916205,1955759],[916160,1955637],[916129,1955614]]],[[[918937,1974030],[920177,1973887],[920547,1974058],[921150,1974337],[921447,1974475],[921683,1974717],[921936,1974977],[922433,1975496],[922991,1975855],[923572,1976050],[924258,1976036],[924897,1976019],[925389,1976005],[925843,1976024],[926261,1975999],[926348,1975622],[926469,1974735],[926662,1974341],[927140,1973365],[927351,1972934],[927424,1972565],[927476,1972271],[927499,1972043],[927520,1971886],[927577,1971603],[927649,1971209],[927770,1970547],[927755,1970007],[927649,1969408],[927571,1968971],[927422,1968629],[927283,1968337],[927250,1967750],[927181,1967096],[927100,1966845],[927045,1966595],[926954,1965964],[926848,1965388],[926856,1965211],[926906,1964992],[927039,1964601],[927216,1964287],[927303,1964101],[927507,1963873],[927708,1963740],[928739,1963039],[929513,1962562],[930193,1962157],[930361,1962057],[930713,1961847],[931098,1961624],[931302,1961509],[931619,1961333],[931767,1961311],[931935,1961292],[932291,1961170],[932485,1961040],[932627,1960678],[932984,1960365],[933120,1960156],[933477,1959798],[933945,1959519],[934228,1959439],[934453,1959310],[934662,1959173],[935016,1958949],[935162,1958854],[935289,1958772],[935456,1958663],[935620,1958546],[936000,1958259],[936452,1957919],[936598,1957810],[936999,1957511],[937829,1956830],[937966,1956715],[938255,1956521],[938391,1956448],[938305,1956249],[938037,1955875],[937950,1955602],[937980,1955326],[938043,1955202],[938228,1954968],[938303,1954674],[938282,1954537],[938004,1954379],[937617,1954138],[937642,1953973],[937637,1953813],[937274,1954089],[937072,1954246],[936919,1954094],[936792,1953929],[936611,1954070],[936438,1954126],[936311,1954156],[936164,1954160],[935812,1954210],[935633,1954317],[935345,1954567],[935168,1954399],[935003,1954306],[934558,1954218],[934313,1954053],[934275,1953918],[934292,1953780],[933997,1953643],[933775,1953770],[933748,1953968],[933699,1954206],[933540,1954422],[933326,1954851],[933051,1955011],[932854,1955110],[932720,1955167],[932611,1954990],[932602,1954861],[932467,1954862],[932120,1954992],[931780,1955003],[931622,1955001],[931519,1955159],[931324,1955441],[930989,1955720],[930827,1955844],[930783,1956006],[930627,1956339],[930382,1956469],[930234,1956483],[929797,1956193],[929740,1956435],[929841,1956644],[929930,1956769],[929939,1956992],[929874,1957255],[929752,1957259],[929475,1957504],[929391,1957652],[929176,1957905],[928913,1958182],[928655,1958303],[928420,1958373],[928106,1958625],[927972,1958732],[927849,1958733],[927730,1958970],[927706,1959092],[927568,1959220],[927290,1959222],[927165,1959301],[927134,1959463],[926980,1959697],[926502,1959934],[926371,1959968],[926213,1959965],[926031,1960015],[925661,1960165],[925527,1960165],[925360,1960197],[925138,1960096],[925136,1959859],[925037,1959580],[924892,1959347],[924782,1959172],[924741,1959011],[924617,1959115],[924309,1959084],[924035,1958999],[923865,1958933],[923879,1958743],[923804,1958244],[923644,1958146],[923502,1958068],[923412,1957931],[923421,1957778],[923405,1957653],[923353,1957519],[923155,1957151],[923014,1956688],[922823,1956377],[922611,1956257],[922404,1956393],[922051,1956381],[921957,1956531],[921828,1956687],[921395,1956498],[921282,1956333],[921180,1956184],[921037,1956026],[920874,1955887],[920717,1955775],[920581,1955695],[920386,1955591],[919828,1955250],[919699,1955150],[918840,1954888],[918392,1954752],[918162,1954963],[918016,1955118],[917670,1955489],[917484,1955688],[917270,1955919],[917112,1956089],[916987,1956002],[917004,1956135],[916878,1956469],[916792,1956662],[916581,1956952],[916549,1957077],[916576,1957210],[916619,1957550],[916627,1957700],[916462,1958271],[916251,1959067],[915941,1959850],[915810,1960052],[915668,1960263],[915503,1960296],[915242,1960446],[915064,1961017],[914906,1961703],[914797,1961846],[914577,1962109],[914786,1962238],[915122,1962330],[915485,1962598],[915623,1962794],[915691,1963008],[915579,1963154],[915373,1963269],[915288,1963425],[915332,1963546],[915312,1963738],[914971,1963954],[914798,1964043],[914613,1964094],[914407,1964154],[914271,1964202],[914197,1964352],[914329,1964494],[914468,1964673],[914572,1964910],[914629,1965072],[914715,1965397],[914780,1965543],[914819,1965928],[914789,1966485],[914698,1967137],[914668,1967342],[914618,1967581],[914554,1967755],[914357,1968022],[914231,1968139],[914077,1968209],[913927,1968365],[913821,1968575],[913783,1968701],[913776,1969003],[913785,1969167],[913803,1969346],[913896,1969847],[914021,1970276],[914091,1970459],[914184,1970689],[914382,1971235],[914494,1971602],[914533,1971730],[914635,1972423],[914628,1972578],[914608,1972704],[914474,1972967],[914241,1973327],[914146,1973459],[913997,1973585],[913751,1973826],[913642,1973964],[913558,1974086],[913571,1974263],[913616,1974415],[913748,1974560],[913891,1974663],[914084,1974758],[913937,1974824],[913431,1975051],[913521,1975720],[913958,1977161],[915222,1976519],[916538,1975857],[916753,1975748],[917883,1974700],[918556,1974075],[918937,1974030]]]]}},{"type":"Feature","properties":{"name":"남양주시","region":"경기"},"geometry":{"type":"MultiPolygon","coordinates":[[[[980051,1974931],[980401,1975034],[980670,1975067],[980849,1975030],[981097,1975022],[981419,1975030],[981591,1975067],[981888,1975075],[982465,1974906],[982615,1974886],[982834,1974702],[982974,1974548],[983387,1974293],[983674,1974369],[983813,1974377],[984074,1974170],[984712,1973419],[984929,1973145],[985084,1972886],[985240,1972688],[985373,1972577],[985261,1972372],[985318,1971998],[985478,1971612],[985551,1971478],[985886,1971100],[986047,1971027],[986122,1970902],[986227,1970352],[986176,1970119],[986156,1969968],[986270,1969847],[986562,1969731],[986716,1969679],[986973,1969521],[987261,1969345],[987200,1969212],[987140,1968868],[987167,1968676],[987176,1968555],[987162,1968366],[987111,1968236],[987100,1968086],[987116,1967936],[987237,1967727],[987225,1967535],[987151,1967378],[987073,1967209],[987260,1967010],[987445,1966779],[987546,1966640],[987570,1966493],[987516,1966331],[987538,1966122],[987863,1966026],[988192,1965985],[988475,1965962],[988672,1965899],[988669,1965731],[988537,1965657],[988287,1965609],[988230,1965363],[988323,1965208],[988475,1965065],[988860,1964793],[988948,1964661],[988890,1964496],[988861,1964362],[988983,1964134],[989122,1963979],[989354,1964201],[989483,1964200],[989382,1963847],[989230,1963091],[989195,1962909],[989125,1962432],[989079,1962111],[989052,1961921],[989027,1961756],[988735,1961064],[988642,1960917],[988600,1960700],[988294,1960124],[988195,1960000],[988080,1959868],[987942,1959725],[987775,1959614],[987539,1959484],[987049,1958820],[986822,1958439],[986592,1957824],[986514,1957594],[986403,1957245],[986353,1957078],[986316,1956849],[986301,1956678],[986239,1956165],[986099,1955160],[986049,1954929],[986013,1954790],[985861,1954370],[985755,1954083],[985706,1953958],[985566,1953570],[985255,1952759],[985121,1952429],[984881,1951916],[984571,1951274],[984392,1950968],[984059,1950419],[983981,1950293],[983888,1950152],[983776,1950002],[983663,1949838],[983317,1949171],[983253,1949027],[983187,1948830],[983048,1948351],[982999,1948175],[982942,1947954],[982899,1947704],[982887,1947577],[982854,1947044],[982861,1946892],[982899,1946741],[982915,1946582],[982914,1946331],[982921,1946201],[982802,1945901],[982567,1945575],[982368,1945402],[982096,1945278],[981886,1945183],[981671,1945157],[981550,1945159],[981430,1945180],[981205,1945294],[981160,1945498],[981147,1945623],[981124,1945776],[981092,1945967],[981062,1946145],[981059,1946268],[981051,1946443],[981032,1946573],[980978,1946845],[980704,1947291],[980398,1947497],[979997,1947728],[979692,1947864],[979226,1948109],[979048,1948233],[978914,1948344],[978720,1948504],[978411,1948699],[977983,1948964],[977674,1949141],[977408,1949248],[977223,1949319],[977011,1949531],[976868,1949689],[976782,1949888],[976701,1950156],[976609,1950534],[976558,1950730],[976486,1950911],[976396,1951121],[976070,1951526],[975692,1951672],[975457,1951759],[975333,1951903],[975281,1952114],[975277,1952293],[975279,1952480],[975278,1952701],[974691,1953101],[974292,1953647],[974060,1954002],[973918,1954211],[973786,1954367],[973519,1954555],[973205,1954674],[972817,1954696],[972250,1954740],[972044,1954749],[971894,1954550],[971825,1954422],[971725,1954301],[971600,1954177],[971151,1953753],[970916,1953567],[970473,1953919],[970298,1953932],[970105,1954041],[970025,1954207],[970070,1954386],[970215,1954530],[970366,1954544],[970500,1954545],[970678,1954616],[970768,1954744],[970747,1954883],[970664,1955012],[970425,1955163],[970273,1955219],[970124,1955204],[969925,1955191],[969733,1955234],[969429,1955391],[969229,1955570],[969149,1955735],[969009,1956130],[968937,1956355],[968917,1956520],[968926,1956714],[968893,1956843],[968783,1957021],[968716,1957172],[968801,1957420],[968785,1957571],[968755,1957693],[968645,1957827],[968538,1957972],[968495,1958122],[968481,1958257],[968497,1958416],[968560,1958668],[968652,1959015],[968779,1959105],[968947,1959288],[969045,1959521],[969068,1960047],[968953,1960275],[968775,1960589],[968405,1960772],[968279,1960794],[967619,1960444],[967498,1960334],[967269,1960316],[967062,1960283],[966896,1960342],[966500,1960434],[966255,1960483],[966091,1960548],[965932,1960487],[965762,1960513],[965584,1960406],[965455,1960571],[965348,1960702],[965217,1960730],[964960,1960710],[964616,1960582],[964233,1960643],[964070,1961088],[964050,1961214],[964187,1961500],[964043,1961855],[963975,1962109],[963944,1962282],[964030,1962444],[964126,1962574],[964204,1962721],[964253,1962901],[964244,1963039],[964272,1963161],[964350,1963532],[964194,1964088],[964157,1964212],[964039,1964356],[964018,1964485],[964105,1964746],[964227,1964953],[964360,1965086],[964417,1965245],[964406,1965368],[964380,1965579],[964120,1965680],[963905,1965638],[963736,1965671],[963546,1965676],[963312,1966116],[963071,1966369],[963027,1966515],[962996,1966744],[963327,1967006],[963604,1967012],[964302,1967096],[964577,1967191],[964721,1967323],[965087,1967589],[965261,1967632],[965484,1967694],[965555,1967828],[965556,1967961],[965526,1968102],[965540,1968269],[965685,1968556],[965766,1968699],[965981,1968756],[966188,1968783],[966260,1968948],[966340,1969098],[966620,1969240],[966781,1969215],[967024,1969829],[967037,1970158],[966999,1970481],[966859,1970664],[966839,1970990],[966968,1971467],[967095,1971683],[967283,1971908],[967284,1972115],[967583,1972206],[967827,1972266],[967963,1972272],[968056,1972125],[968442,1972070],[968861,1972305],[968908,1972477],[968871,1972735],[968832,1972931],[969020,1972999],[969178,1972887],[969422,1972710],[969635,1972444],[969869,1972231],[970382,1971975],[970570,1972020],[971004,1972196],[971181,1972319],[971038,1972434],[971197,1972830],[971153,1973171],[971524,1973355],[971651,1973598],[971730,1973722],[971856,1973775],[972064,1973907],[972284,1973918],[972407,1973857],[972651,1973682],[973059,1973747],[973284,1973599],[973465,1973771],[973731,1973993],[973897,1973937],[974029,1973773],[974211,1973844],[974298,1974016],[974279,1974211],[974483,1974459],[974604,1974451],[974745,1974269],[974692,1973941],[974721,1973723],[974867,1973506],[975111,1973266],[975317,1973237],[975496,1973196],[975649,1973022],[975582,1972894],[975786,1972682],[976070,1972796],[976132,1972935],[976357,1973132],[976482,1973196],[976762,1973542],[976816,1973719],[977104,1973741],[977436,1973845],[977591,1973904],[977915,1974043],[978291,1974235],[978775,1974363],[978908,1974761],[978942,1974898],[979065,1975248],[979215,1975419],[979338,1975508],[979371,1975675],[979617,1975537],[979864,1975225],[980045,1974940],[980051,1974931]]]]}},{"type":"Feature","properties":{"name":"동두천시","region":"경기"},"geometry":{"type":"MultiPolygon","coordinates":[[[[961678,1997425],[961895,1997341],[962056,1997350],[962248,1997420],[962578,1997472],[962832,1997498],[963149,1997467],[963656,1997198],[963935,1996938],[964098,1996931],[964266,1996687],[964330,1996489],[964261,1996001],[964193,1995622],[964347,1995311],[964492,1995186],[964626,1995126],[964795,1994853],[964754,1994696],[964543,1994309],[964569,1994158],[964522,1993943],[964667,1993714],[964819,1993619],[964967,1993599],[965374,1993471],[965560,1993395],[965645,1993182],[965934,1992626],[966169,1992311],[966282,1992169],[966292,1992044],[966326,1991860],[966475,1991619],[966636,1991348],[966656,1991107],[966645,1990889],[966935,1990767],[967164,1990736],[967318,1990776],[967488,1990817],[967683,1990753],[967887,1990507],[968214,1990519],[968369,1990478],[968700,1990363],[968836,1990297],[968939,1990163],[969053,1989714],[969004,1989549],[969036,1989248],[969171,1989174],[969235,1989003],[969215,1988882],[969164,1988755],[969454,1988567],[969576,1988495],[969619,1988256],[969511,1987961],[969372,1987746],[969175,1987376],[969012,1986717],[969032,1986583],[968941,1986325],[968742,1986249],[968618,1986291],[968487,1986293],[967989,1986133],[967576,1986014],[967428,1986096],[967181,1985994],[966893,1985640],[966870,1985450],[966868,1985317],[966700,1985227],[966548,1985187],[966322,1985214],[966044,1985144],[965839,1985072],[965805,1984942],[965772,1984772],[965657,1984625],[965497,1984762],[965095,1985173],[964950,1985284],[964813,1985317],[964686,1985254],[964401,1985410],[964254,1985651],[964053,1985779],[963824,1985866],[963575,1985907],[963264,1985819],[963111,1985671],[962969,1985657],[962754,1985811],[962621,1985898],[962467,1985896],[962021,1985758],[961693,1985655],[961548,1985565],[961408,1985549],[961316,1985678],[961225,1985825],[961141,1986049],[960939,1986152],[960811,1986249],[960745,1986403],[960535,1986761],[960413,1986941],[960271,1987135],[960228,1987275],[960237,1987474],[960264,1987595],[960251,1987727],[960078,1988356],[960017,1988496],[959882,1988387],[959447,1988522],[959014,1988729],[958609,1988874],[958431,1988847],[958237,1988799],[957923,1988863],[957869,1989022],[957676,1989202],[957274,1989352],[957126,1989390],[956984,1989548],[956949,1989676],[956966,1990116],[956806,1990266],[956684,1990484],[956597,1990709],[956814,1990942],[957126,1991082],[957241,1991258],[957165,1991394],[957019,1991536],[956865,1991799],[956893,1991940],[956913,1992150],[957122,1992247],[957261,1992327],[957322,1992454],[957466,1992931],[957518,1993054],[957844,1993360],[958035,1993420],[958266,1993495],[958508,1993864],[958613,1994465],[958563,1994677],[958526,1994874],[958608,1995209],[959007,1995359],[959151,1995371],[959495,1995388],[959752,1995668],[959796,1995915],[959873,1996217],[959959,1996430],[960044,1996634],[960074,1996776],[960005,1996988],[960034,1997112],[960224,1997231],[960424,1997398],[960428,1997737],[960669,1997819],[960770,1997955],[960980,1997893],[961360,1997827],[961722,1997778],[961720,1997638],[961690,1997502],[961678,1997425]]]]}},{"type":"Feature","properties":{"name":"부천시","region":"경기"},"geometry":{"type":"MultiPolygon","coordinates":[[[[935653,1950136],[935779,1950189],[935944,1950206],[936112,1950120],[936213,1949949],[936677,1949876],[936882,1949870],[937011,1949867],[937329,1949636],[937661,1949359],[937612,1949198],[937624,1948905],[937659,1948749],[937893,1948870],[938077,1948925],[938097,1949070],[938059,1949194],[938202,1949390],[938325,1949494],[938552,1949552],[938764,1949589],[939250,1949268],[939516,1949248],[939646,1949249],[939867,1949264],[939991,1949264],[940114,1949255],[940098,1949057],[940093,1948631],[940224,1948360],[940337,1948135],[940470,1948049],[940643,1947959],[940660,1947701],[940455,1947435],[940391,1947239],[940411,1947073],[940398,1946945],[940315,1946743],[940214,1946394],[940247,1945750],[940107,1945444],[940034,1944982],[939862,1944656],[939585,1944499],[939463,1944526],[939274,1944349],[939409,1943992],[939701,1943806],[939891,1943721],[940154,1943452],[940103,1943291],[939878,1942712],[939838,1942561],[939789,1942432],[939640,1942320],[939459,1942124],[939408,1941980],[939614,1941782],[939753,1941869],[939794,1942096],[939977,1942113],[940156,1942093],[940429,1942099],[940727,1942174],[940915,1942257],[940961,1942112],[940961,1941661],[941006,1941433],[941071,1941186],[941016,1940948],[940839,1940935],[940574,1940679],[940464,1940494],[940402,1940244],[940143,1940124],[939659,1940216],[939079,1940330],[938882,1940549],[938675,1940549],[938522,1940504],[938396,1940499],[938173,1940641],[937994,1940828],[937634,1940957],[937428,1940910],[937144,1940952],[936788,1941441],[936718,1941578],[936716,1941704],[936594,1941667],[936418,1941618],[936267,1941614],[936137,1941645],[935986,1941629],[935857,1941603],[935252,1941643],[935194,1941855],[935025,1942026],[934763,1942123],[934604,1942159],[934129,1942670],[934182,1942886],[934034,1943006],[933886,1943084],[933694,1943172],[933464,1943164],[933341,1943194],[933081,1943299],[933034,1943513],[933027,1943699],[933000,1943919],[932977,1944184],[933015,1944396],[933107,1944722],[933155,1944954],[933112,1945135],[933048,1945402],[932989,1945688],[933330,1946454],[933528,1946438],[933723,1946382],[933897,1946491],[933902,1946611],[934025,1946660],[934170,1946643],[934329,1946608],[934552,1946511],[934653,1946632],[934619,1946781],[934662,1946970],[934661,1947234],[934639,1947455],[934634,1947871],[934643,1948431],[934685,1948964],[934699,1949116],[934762,1949270],[934952,1950026],[935214,1950671],[935186,1950797],[935288,1950673],[935296,1950542],[935648,1950140],[935653,1950136]]]]}},{"type":"Feature","properties":{"name":"성남시 분당구","region":"경기"},"geometry":{"type":"MultiPolygon","coordinates":[[[[967602,1935377],[968317,1935212],[968442,1935166],[968726,1934896],[968961,1934688],[969158,1934636],[969381,1934666],[969526,1934719],[969651,1934653],[969786,1934518],[969906,1934423],[970358,1934201],[970560,1934156],[971023,1934062],[971153,1934109],[970943,1933596],[970717,1933059],[970634,1932667],[970999,1932379],[971421,1932054],[971368,1931844],[971153,1931617],[970601,1931298],[970362,1931264],[970173,1931266],[969989,1931028],[970007,1930871],[969958,1930478],[969670,1930098],[969437,1929933],[969378,1929689],[969254,1929435],[968952,1929177],[968568,1929003],[968303,1928989],[968162,1929061],[967883,1928996],[967662,1928826],[967565,1928610],[967573,1928479],[967634,1928270],[967613,1928146],[967492,1928079],[967460,1927898],[967681,1927564],[967881,1927338],[967810,1927204],[967795,1926964],[967907,1926816],[967735,1926793],[967505,1926703],[967341,1926613],[967173,1926543],[966806,1926522],[966585,1926512],[966473,1926328],[966111,1926114],[965924,1926230],[965780,1926366],[965619,1926353],[965376,1926377],[965097,1926570],[964942,1926673],[964820,1926830],[964781,1926966],[964780,1927089],[964584,1927142],[964395,1927164],[963975,1927607],[963780,1927720],[963330,1928150],[963185,1928171],[963039,1928144],[962911,1928020],[962752,1927930],[962545,1927973],[962408,1928220],[962346,1928398],[962274,1928575],[962113,1928766],[961973,1928858],[961824,1928927],[961299,1929133],[961130,1929161],[960996,1929172],[960871,1929169],[960685,1929096],[960551,1929097],[960425,1929190],[960408,1929325],[960424,1929457],[960232,1929629],[959865,1929915],[959645,1930068],[959416,1930118],[959047,1930226],[958781,1930315],[958439,1930434],[958201,1930426],[958216,1931126],[958278,1931248],[958593,1931474],[958883,1932047],[959052,1932390],[959149,1932670],[959125,1932832],[959030,1933677],[959576,1933961],[959731,1933916],[960145,1933919],[960717,1933794],[961040,1933571],[961201,1933447],[961338,1933356],[961459,1933370],[961798,1933319],[961919,1933273],[962045,1933274],[962366,1933297],[962564,1933396],[962732,1933404],[962952,1933293],[963136,1933188],[963290,1933351],[963488,1933541],[963604,1933682],[963630,1933847],[963762,1933928],[963882,1933980],[963972,1934136],[964114,1934269],[964258,1934299],[964588,1934381],[964818,1934585],[965072,1934443],[965229,1934288],[965618,1934313],[965806,1934369],[965993,1934452],[966220,1934666],[966153,1934841],[966185,1935157],[966365,1935283],[966559,1935374],[967375,1935387],[967551,1935385],[967602,1935377]]]]}},{"type":"Feature","properties":{"name":"성남시 수정구","region":"경기"},"geometry":{"type":"MultiPolygon","coordinates":[[[[969708,1941379],[970003,1941367],[970152,1941381],[970292,1941335],[970420,1941277],[970507,1941156],[970680,1941113],[970879,1941190],[970992,1941330],[971318,1941465],[971385,1941281],[971263,1941003],[971180,1940821],[970933,1940613],[970493,1940199],[970113,1939645],[970011,1939496],[969963,1939357],[969901,1939179],[969717,1938657],[969665,1938531],[969242,1938211],[968596,1937898],[968235,1937671],[967971,1937488],[967833,1937414],[967673,1937368],[967169,1937216],[966935,1937163],[966795,1937147],[966662,1937132],[966532,1937117],[966320,1937095],[966201,1936408],[966136,1936020],[966121,1935882],[966246,1935868],[966354,1935725],[966351,1935587],[966310,1935447],[966304,1935238],[966153,1934841],[966220,1934666],[966096,1934526],[965896,1934405],[965714,1934339],[965272,1934288],[965091,1934427],[964818,1934585],[964624,1934484],[964258,1934299],[964136,1934283],[963972,1934136],[963933,1933965],[963762,1933928],[963632,1933849],[963603,1933690],[963488,1933541],[963349,1933426],[963206,1933204],[962952,1933293],[962778,1933388],[962564,1933396],[962380,1933302],[962094,1933275],[961919,1933273],[961798,1933319],[961459,1933370],[961338,1933356],[961201,1933447],[961040,1933571],[960717,1933794],[960233,1933915],[959731,1933916],[959576,1933961],[959533,1934189],[959491,1934339],[959640,1934534],[959880,1934720],[959923,1934966],[959778,1935080],[959646,1935172],[959478,1935254],[959463,1935520],[959499,1935806],[959524,1936011],[959473,1936133],[959456,1936255],[959474,1936619],[959924,1936941],[960150,1936886],[960493,1936722],[961052,1936806],[961173,1936849],[961576,1936755],[961923,1936915],[962039,1937190],[962228,1937557],[962296,1937695],[962157,1937887],[962106,1938125],[962361,1938202],[962495,1938191],[962635,1938143],[962766,1938097],[962975,1938089],[963104,1938193],[963185,1938330],[963537,1938490],[963590,1938753],[963587,1938906],[963631,1939031],[963822,1939366],[964052,1939710],[964201,1939766],[964467,1939762],[964962,1940154],[965021,1940276],[965010,1940402],[965172,1940428],[965394,1940400],[965671,1940342],[965805,1940279],[965812,1940148],[965993,1940014],[966119,1940007],[966120,1940189],[966128,1940322],[966561,1940725],[966730,1940858],[966857,1941024],[966844,1941151],[966968,1941125],[967220,1941037],[967342,1941010],[967529,1941083],[967529,1941217],[967514,1941542],[967519,1941674],[967752,1941733],[967884,1941721],[968021,1941718],[968480,1941694],[968833,1941681],[969237,1941659],[969371,1941652],[969453,1941494],[969649,1941392],[969708,1941379]]]]}},{"type":"Feature","properties":{"name":"성남시 중원구","region":"경기"},"geometry":{"type":"MultiPolygon","coordinates":[[[[971796,1941604],[971885,1941312],[971897,1941003],[971879,1940828],[971892,1940556],[972054,1940174],[972120,1940006],[972345,1939932],[972529,1939951],[972731,1939804],[972929,1939345],[973009,1939153],[973044,1938699],[973067,1938443],[973093,1938314],[973015,1938141],[972941,1937978],[972901,1937830],[972902,1937655],[972915,1937357],[972914,1937224],[972979,1937018],[973036,1936864],[972919,1936601],[972873,1936377],[972955,1936213],[972733,1935946],[972605,1935912],[972460,1935798],[972180,1935536],[972155,1935366],[972102,1935204],[971963,1935146],[971780,1935198],[971485,1935029],[971496,1934881],[971468,1934667],[971406,1934488],[971309,1934326],[971167,1934120],[971023,1934062],[970560,1934156],[970358,1934201],[969906,1934423],[969744,1934567],[969526,1934719],[969381,1934666],[969158,1934636],[968961,1934688],[968726,1934896],[968542,1935069],[968317,1935212],[967676,1935369],[967551,1935385],[967375,1935387],[966559,1935374],[966431,1935328],[966304,1935238],[966310,1935447],[966351,1935587],[966355,1935710],[966314,1935847],[966189,1935858],[966136,1936020],[966201,1936408],[966245,1937089],[966445,1937108],[966662,1937132],[966795,1937147],[966926,1937162],[967081,1937195],[967672,1937368],[967817,1937408],[967951,1937475],[968234,1937671],[968555,1937890],[969242,1938211],[969652,1938480],[969717,1938657],[969901,1939179],[969963,1939357],[970011,1939494],[970113,1939645],[970493,1940199],[970933,1940613],[971084,1940718],[971263,1941003],[971382,1941274],[971433,1941425],[971595,1941780],[971722,1941704],[971796,1941604]]]]}},{"type":"Feature","properties":{"name":"수원시 권선구","region":"경기"},"geometry":{"type":"MultiPolygon","coordinates":[[[[950581,1922522],[950710,1922519],[951341,1922526],[951948,1922716],[952215,1922733],[952463,1922446],[952848,1921833],[952869,1921644],[952912,1921396],[953017,1921187],[952987,1920993],[953433,1920864],[953559,1920896],[953765,1920984],[954018,1920652],[954224,1920668],[954402,1920568],[954527,1920533],[954490,1920188],[954446,1920057],[954614,1919704],[955075,1919947],[955255,1919557],[955512,1919086],[955510,1918884],[955537,1918750],[955690,1918507],[955838,1918468],[955995,1918485],[956135,1918466],[956289,1918446],[956389,1918581],[956519,1918779],[956705,1918754],[956853,1918669],[956841,1918531],[956968,1918447],[957494,1918532],[958486,1918187],[958365,1917803],[958914,1917615],[959157,1917349],[959398,1916998],[959141,1916590],[959222,1916252],[958939,1915838],[958914,1915705],[958961,1915478],[958721,1915403],[958511,1915137],[958301,1914868],[958157,1914812],[957975,1914760],[957758,1914770],[957693,1914259],[957658,1914135],[957522,1914156],[956890,1914317],[956759,1914288],[956635,1914283],[956409,1914349],[956124,1914564],[955964,1914701],[955944,1914564],[955743,1914303],[955534,1914219],[955437,1914437],[955380,1914608],[954901,1914801],[954713,1914882],[954725,1915033],[954580,1915158],[954325,1914895],[954080,1914947],[953936,1914946],[953789,1914768],[953362,1914596],[953241,1914561],[953111,1914594],[952928,1914791],[952822,1915196],[952499,1915484],[952369,1915548],[952248,1915586],[951906,1915798],[951916,1915926],[951928,1916092],[951867,1916295],[951769,1916570],[951611,1916684],[951480,1916792],[951446,1917123],[951278,1917206],[951211,1917384],[951236,1917541],[951085,1917686],[950941,1917762],[950562,1917712],[950259,1917679],[950006,1917694],[949914,1917838],[949710,1918085],[949528,1918157],[949487,1918311],[949410,1918740],[949371,1919110],[949240,1919303],[949230,1919543],[949289,1919723],[949338,1919885],[949249,1920096],[949295,1920477],[949335,1920661],[949398,1920935],[949528,1920979],[949638,1921143],[949702,1921382],[949736,1921523],[949847,1921645],[950081,1921734],[950319,1921951],[950310,1922110],[950187,1922139],[949964,1922270],[949695,1922585],[949716,1922745],[949870,1922859],[950069,1922802],[950306,1922668],[950581,1922522]]]]}},{"type":"Feature","properties":{"name":"수원시 영통구","region":"경기"},"geometry":{"type":"MultiPolygon","coordinates":[[[[960111,1924192],[960326,1924193],[960449,1924209],[960803,1924160],[960877,1923940],[960902,1923809],[961027,1923665],[961045,1923494],[960912,1923127],[960845,1922961],[961030,1922876],[961089,1922743],[961014,1922366],[961026,1922058],[961197,1922016],[962683,1921676],[962754,1921879],[963020,1922157],[963353,1922229],[963630,1922223],[963568,1922002],[963590,1921683],[963481,1921412],[963522,1921205],[963596,1920965],[963446,1920830],[963266,1920758],[963000,1920786],[962366,1920496],[962009,1920281],[961861,1920080],[961784,1919823],[961691,1919616],[961515,1919412],[961375,1919090],[961502,1918998],[961784,1918871],[961926,1918721],[962057,1918670],[962316,1918632],[962522,1918615],[962928,1918858],[963195,1919081],[963251,1918957],[963312,1918521],[963228,1918380],[963126,1918257],[962943,1918214],[962875,1918075],[962841,1917819],[962969,1917824],[963170,1917590],[963077,1917422],[962942,1917346],[962909,1917173],[962975,1916886],[962905,1916736],[962757,1916586],[962409,1916590],[962158,1916548],[961927,1916483],[961801,1916433],[961677,1916289],[961509,1916196],[961587,1915790],[961430,1915785],[961268,1915655],[960974,1915362],[960921,1915238],[960805,1915115],[960612,1914971],[960321,1914808],[960413,1914961],[960259,1915127],[959790,1914987],[959535,1915425],[959558,1915621],[959437,1915666],[958972,1915620],[958920,1915777],[959141,1916176],[959126,1916521],[959308,1916887],[959171,1917337],[958914,1917615],[958972,1917783],[959046,1917997],[959261,1918566],[959136,1918624],[958664,1918763],[958769,1918888],[958971,1919231],[958935,1919538],[958976,1919661],[959247,1919682],[959403,1919685],[959718,1919570],[959598,1919640],[959552,1919860],[959543,1920068],[959465,1920397],[959384,1920519],[959379,1920670],[959510,1920808],[959380,1920865],[959249,1920725],[959106,1920611],[959113,1920732],[959158,1920855],[959448,1921151],[959329,1921431],[959133,1921621],[958865,1921725],[958704,1921704],[958687,1922074],[958609,1922199],[958575,1922495],[958622,1922769],[958643,1922970],[958637,1923167],[958603,1923363],[958563,1923510],[958615,1923737],[958719,1923906],[958940,1924122],[959122,1924415],[959136,1924674],[959315,1924689],[959525,1924510],[959858,1924315],[960039,1924224],[960111,1924192]]]]}},{"type":"Feature","properties":{"name":"수원시 장안구","region":"경기"},"geometry":{"type":"MultiPolygon","coordinates":[[[[957942,1927811],[958195,1927735],[958348,1927638],[958557,1927450],[958617,1927228],[958486,1926717],[958500,1926524],[958606,1926348],[958883,1925950],[958897,1925825],[958949,1925700],[959076,1925582],[958985,1925436],[959051,1925175],[959198,1924958],[959217,1924761],[959127,1924534],[958940,1924122],[958765,1923962],[958615,1923737],[958563,1923510],[958603,1923363],[958632,1923205],[958642,1923027],[958622,1922769],[958593,1922572],[958609,1922199],[958687,1922074],[958799,1921818],[958488,1921610],[958237,1921550],[958087,1921503],[957925,1921323],[957712,1921180],[957591,1921061],[957389,1921035],[957238,1921074],[957001,1921246],[956519,1920844],[956178,1920942],[955937,1921094],[955771,1921272],[955644,1921269],[955417,1921212],[955136,1921087],[954933,1920991],[954717,1921195],[954593,1921334],[954497,1921213],[954326,1921467],[953702,1921189],[953753,1921005],[953559,1920896],[953433,1920864],[952987,1920986],[953017,1921187],[952929,1921314],[952869,1921644],[952845,1921791],[952463,1922446],[952304,1922644],[952431,1922864],[952586,1923077],[952668,1923247],[952733,1923474],[952757,1923672],[952755,1923966],[952749,1924107],[952780,1924446],[952953,1924703],[952864,1924867],[952772,1925008],[952744,1925129],[953023,1925592],[953164,1925993],[953378,1925813],[953545,1925676],[954073,1925413],[954214,1925440],[954301,1925567],[954526,1925727],[954647,1925746],[954789,1925804],[954805,1925981],[954881,1926151],[955115,1926285],[955415,1926491],[955769,1926734],[956140,1926803],[956387,1926815],[956582,1926968],[956808,1927439],[956831,1927661],[956981,1927932],[957134,1928021],[957328,1928100],[957467,1928109],[957697,1927965],[957856,1927845],[957942,1927811]]]]}},{"type":"Feature","properties":{"name":"수원시 팔달구","region":"경기"},"geometry":{"type":"MultiPolygon","coordinates":[[[[959329,1921431],[959448,1921151],[959169,1920872],[959116,1920747],[959106,1920611],[959232,1920643],[959266,1920764],[959397,1920874],[959435,1920744],[959384,1920519],[959465,1920397],[959538,1920176],[959550,1919921],[959566,1919696],[959718,1919570],[959403,1919685],[959247,1919682],[959010,1919670],[958935,1919538],[958941,1919285],[958820,1918916],[958697,1918850],[959136,1918624],[959263,1918572],[959066,1918002],[959003,1917873],[958934,1917673],[958365,1917803],[958465,1918121],[957500,1918509],[956976,1918456],[956841,1918531],[956853,1918669],[956705,1918754],[956540,1918884],[956389,1918581],[956289,1918446],[956135,1918466],[955995,1918485],[955838,1918468],[955690,1918507],[955538,1918746],[955510,1918884],[955476,1919082],[955255,1919557],[955125,1919840],[954614,1919704],[954446,1920057],[954490,1920188],[954547,1920484],[954402,1920568],[954224,1920668],[954018,1920652],[953765,1920984],[953697,1921120],[954224,1921437],[954454,1921286],[954586,1921323],[954717,1921195],[954822,1920972],[955035,1921040],[955417,1921212],[955546,1921253],[955742,1921307],[955845,1921184],[956145,1920963],[956519,1920844],[956916,1921219],[957127,1921183],[957389,1921035],[957563,1921047],[957712,1921180],[957841,1921272],[957980,1921420],[958222,1921545],[958488,1921610],[958704,1921704],[958865,1921725],[959059,1921662],[959295,1921480],[959329,1921431]]]]}},{"type":"Feature","properties":{"name":"시흥시","region":"경기"},"geometry":{"type":"MultiPolygon","coordinates":[[[[936710,1941609],[936788,1941441],[937101,1940991],[937341,1940914],[937561,1940954],[937994,1940828],[938185,1940739],[938370,1940509],[938522,1940504],[938664,1940547],[938867,1940551],[939079,1940330],[939659,1940216],[940143,1940124],[940402,1940244],[940579,1940256],[940958,1940235],[941140,1940285],[941220,1940154],[941381,1939825],[941471,1939562],[941484,1939263],[941527,1939010],[941539,1938874],[941432,1938579],[941402,1938272],[941401,1937869],[941418,1937743],[941581,1937705],[941694,1937570],[941750,1937417],[941765,1936969],[941904,1936435],[942043,1936076],[942016,1935923],[942071,1935466],[942158,1935002],[942348,1934830],[942658,1934612],[942925,1934009],[943125,1933879],[943272,1933826],[943511,1933794],[943794,1933821],[944277,1933860],[944480,1933839],[944620,1933809],[944777,1933800],[944868,1933663],[944922,1933505],[944926,1933262],[944799,1933175],[944876,1932463],[944958,1932144],[945045,1931842],[945136,1931667],[945210,1931289],[945225,1931147],[945253,1930940],[945170,1930809],[944993,1930662],[944827,1930579],[944711,1930425],[944675,1930288],[944444,1930036],[944201,1929783],[943771,1929390],[943598,1929345],[943403,1929329],[943063,1929252],[942956,1929129],[942818,1929169],[942526,1929308],[942416,1929528],[942388,1929655],[942236,1929685],[941933,1929571],[941686,1929508],[941281,1929545],[940911,1929455],[940682,1929481],[940576,1929608],[940449,1929672],[940317,1929707],[940166,1929864],[940046,1929736],[939917,1929639],[939805,1929408],[939673,1929229],[939476,1928961],[939304,1928879],[939164,1928885],[939027,1928732],[938826,1928678],[938676,1928741],[938333,1928517],[938188,1928581],[937979,1928603],[937843,1928574],[937722,1928493],[937601,1928680],[937507,1928551],[937352,1928435],[937158,1928193],[937169,1927893],[937214,1927737],[937324,1927370],[937202,1927283],[937063,1927092],[936961,1926932],[936711,1926793],[936580,1926855],[936362,1927037],[935694,1927179],[935576,1927365],[935445,1927323],[935197,1927290],[934932,1927291],[934523,1927147],[934284,1926866],[934062,1926693],[933890,1926578],[933675,1926434],[933547,1926341],[933429,1925896],[933382,1925665],[933339,1925455],[932569,1925880],[931823,1924989],[931304,1924329],[931109,1924073],[930868,1923742],[930723,1923577],[930542,1923559],[930212,1923610],[930034,1923659],[929729,1923773],[929603,1923828],[929388,1923965],[929250,1924110],[929095,1924233],[928465,1924721],[927902,1924858],[927760,1924880],[927455,1924867],[927215,1924856],[927032,1924897],[927017,1925076],[926957,1925211],[926877,1925387],[926613,1925837],[926131,1925724],[925470,1925502],[925011,1925348],[924761,1925264],[923708,1924908],[922761,1924586],[921941,1924309],[921684,1924232],[921528,1924309],[921680,1924378],[921940,1924417],[922069,1924443],[922694,1924659],[924545,1925286],[924858,1925392],[925017,1925445],[925218,1925512],[925417,1925580],[927883,1926415],[928202,1926526],[928361,1926613],[928390,1926739],[928368,1926981],[928237,1927086],[928049,1927146],[927897,1927193],[928074,1927897],[928121,1928045],[928246,1928042],[928493,1927998],[929269,1928232],[929431,1928322],[929284,1928471],[929185,1928606],[929329,1928867],[929457,1929032],[929684,1929327],[929899,1929609],[930440,1930335],[930849,1930856],[931480,1931680],[931661,1931929],[931922,1932219],[932045,1932199],[932205,1932125],[932896,1931768],[933012,1931984],[932999,1932117],[932935,1931994],[932725,1932071],[932772,1932206],[932500,1932411],[932337,1932291],[932217,1932357],[932184,1932478],[932254,1932639],[932563,1933027],[932725,1933201],[933065,1933509],[933238,1933515],[933574,1933456],[934002,1933380],[934223,1933341],[934457,1933374],[934642,1933400],[934822,1933103],[935364,1933032],[935487,1933032],[935625,1933031],[935816,1932899],[935988,1932781],[936169,1932919],[935469,1933134],[935098,1933119],[935112,1933289],[935050,1933417],[934865,1933596],[934668,1933635],[934518,1933654],[934335,1933678],[934135,1933705],[933705,1933764],[933535,1934086],[933597,1934247],[933727,1934466],[933920,1934615],[934015,1935116],[934137,1935390],[934020,1935636],[934056,1935794],[934008,1935945],[933928,1936209],[934410,1936553],[934555,1936610],[934725,1936664],[934898,1936578],[935123,1936636],[935338,1936730],[935477,1937045],[935461,1937382],[935520,1937539],[935527,1937728],[935368,1938361],[935527,1938831],[935459,1938952],[935516,1939096],[935753,1939277],[935972,1939315],[936160,1939341],[936319,1939598],[936359,1939775],[936150,1940000],[936196,1940559],[936269,1940875],[936282,1941253],[936202,1941378],[936147,1941527],[936307,1941603],[936594,1941667],[936716,1941704],[936710,1941609]],[[937002,1933134],[936703,1932816],[936579,1932816],[936417,1932995],[936645,1932740],[936808,1932887],[936967,1933050],[937112,1933167],[937219,1933035],[937292,1932904],[937174,1933131],[937103,1933352],[937067,1933658],[937062,1934092],[937204,1934207],[937328,1934259],[937039,1934141],[937043,1934011],[936809,1933992],[936931,1934434],[936805,1934068],[936830,1933939],[936999,1933854],[937092,1933436],[937071,1933265],[937002,1933134]]]]}},{"type":"Feature","properties":{"name":"안산시 단원구","region":"경기"},"geometry":{"type":"MultiPolygon","coordinates":[[[[907619,1899324],[907487,1899333],[907347,1899381],[907227,1899450],[907167,1899649],[907415,1899883],[907550,1899725],[907603,1899590],[907654,1899391],[907619,1899324]]],[[[906648,1900146],[906444,1900526],[906446,1900696],[906567,1900796],[906595,1900917],[906593,1901166],[906738,1900856],[906701,1900708],[906760,1900578],[906893,1900465],[907014,1900371],[906880,1900219],[906649,1900146],[906648,1900146]]],[[[901040,1902558],[901225,1902407],[901418,1902412],[901628,1902278],[901678,1902121],[901698,1901771],[901778,1901550],[901797,1901428],[901832,1900981],[901802,1900842],[901585,1900634],[901347,1900816],[900833,1901130],[900464,1901371],[900480,1901640],[900454,1901801],[900401,1902022],[900464,1902228],[900983,1902557],[901040,1902558]]],[[[922891,1910045],[922876,1910179],[923026,1910325],[923150,1910318],[923044,1910155],[922891,1910045]]],[[[915152,1912330],[915025,1912299],[915012,1912109],[914952,1911972],[914640,1911509],[914407,1911462],[914256,1911582],[914785,1912451],[915008,1912359],[915142,1912331],[915152,1912330]]],[[[921716,1914251],[921510,1914223],[921438,1914354],[921638,1914612],[921721,1914473],[921758,1914336],[921716,1914251]]],[[[922912,1920508],[923036,1920375],[923178,1920233],[923296,1920109],[923333,1919923],[923134,1920083],[922848,1920432],[922912,1920508]]],[[[921323,1920331],[921904,1920569],[922123,1920659],[922354,1920754],[922640,1920875],[922780,1920930],[922881,1920531],[922612,1920664],[922489,1920776],[922171,1920650],[921963,1920564],[921376,1920320],[921323,1920331]]],[[[918949,1921727],[918795,1921686],[918645,1921455],[918663,1921330],[918789,1921019],[918917,1921141],[919001,1921267],[919086,1921391],[919254,1921637],[919381,1921576],[920335,1920930],[920791,1920621],[921083,1920422],[920499,1920785],[919944,1921160],[919274,1921613],[918926,1921121],[918938,1920960],[919018,1921181],[919206,1921092],[919337,1920897],[919880,1920386],[920061,1920233],[920392,1920070],[921246,1919658],[921718,1919206],[921848,1919056],[922091,1918877],[922339,1918715],[922382,1918844],[922346,1918965],[922434,1919125],[922786,1919239],[923230,1919355],[923388,1919423],[923428,1919578],[924013,1919247],[923773,1918882],[923682,1918744],[923807,1918464],[923710,1918766],[923916,1919073],[924019,1919196],[924027,1919400],[923964,1919559],[923891,1919680],[923784,1919810],[923094,1920447],[922970,1920559],[923211,1920373],[923775,1919853],[923930,1919670],[924011,1919517],[924067,1919350],[924092,1919186],[924098,1918983],[924042,1918790],[923986,1918656],[923883,1918500],[923768,1918369],[923658,1918247],[923553,1918084],[923485,1917912],[923459,1917781],[923450,1917650],[923468,1917480],[923528,1917252],[923754,1916709],[923857,1916383],[923934,1916202],[924023,1916039],[924134,1915852],[924459,1915387],[924681,1915078],[924783,1914940],[924864,1914746],[925002,1914360],[925037,1913680],[925033,1913476],[925038,1913346],[925055,1913220],[925021,1912646],[924946,1912246],[924829,1911615],[924749,1911381],[924532,1911031],[924435,1910881],[924252,1910637],[924121,1910726],[923917,1911121],[923848,1911434],[923898,1911609],[923896,1911851],[923851,1911981],[923882,1912225],[924062,1912276],[924228,1912358],[924304,1912521],[924299,1912778],[924138,1912974],[923923,1913154],[923793,1913257],[923467,1913440],[922783,1913622],[922718,1913485],[922683,1913251],[922632,1912946],[922451,1911868],[922474,1912060],[922497,1912207],[922556,1912549],[922593,1912761],[922634,1912999],[922660,1913158],[922708,1913466],[922723,1913657],[922548,1913664],[922477,1913798],[922455,1913934],[922428,1914178],[922283,1914424],[922239,1914553],[922235,1915372],[922325,1915493],[922204,1915589],[922026,1915560],[921879,1915301],[921858,1915177],[921948,1915050],[921845,1914887],[921499,1915051],[921344,1915277],[921168,1915364],[921025,1915264],[921038,1915067],[920768,1914959],[920487,1915008],[920328,1914927],[920203,1914770],[919903,1914994],[919676,1915204],[919451,1915367],[919181,1915362],[919367,1915228],[919809,1914920],[920023,1914712],[920143,1914563],[920461,1914278],[920640,1914204],[920763,1914111],[921011,1913915],[921129,1913769],[921244,1913359],[921281,1913128],[921330,1912941],[921490,1912660],[921240,1912540],[920838,1912898],[920596,1912987],[920538,1912840],[920497,1912716],[920321,1912320],[920154,1911945],[920084,1911791],[919718,1911444],[919847,1911588],[920003,1911733],[920157,1911971],[920492,1912720],[920400,1912599],[920460,1912814],[920565,1912968],[920375,1913617],[920269,1914001],[920173,1913816],[920177,1913581],[919718,1913214],[919376,1913136],[919254,1913147],[919152,1913280],[918978,1913922],[918812,1914001],[918063,1913898],[918085,1913775],[918009,1913493],[917846,1913043],[917735,1912766],[917585,1912546],[917426,1912401],[917324,1912153],[917293,1911845],[917396,1911697],[917430,1911567],[916844,1910998],[916815,1910878],[916671,1911247],[916640,1911444],[916579,1911566],[916480,1911696],[916338,1911850],[916198,1911974],[916069,1912070],[915948,1912001],[915725,1911972],[915690,1912094],[915812,1912207],[915674,1912278],[915310,1912343],[915298,1912523],[915311,1912650],[915259,1913026],[915199,1913184],[915180,1913335],[915506,1913398],[915630,1913382],[915778,1913342],[915913,1913279],[916049,1913273],[916238,1913404],[916343,1913639],[916001,1914179],[915354,1914304],[915067,1914353],[914908,1914867],[915032,1914797],[915218,1914917],[915236,1915156],[915233,1915381],[915520,1915414],[915834,1915389],[916033,1915373],[916176,1915402],[916301,1915447],[916438,1915603],[916601,1915664],[916886,1915710],[917130,1915681],[917352,1915682],[917123,1915893],[917011,1916118],[916741,1916314],[916762,1916776],[916761,1917169],[916861,1917326],[916908,1917789],[916582,1918395],[916605,1918536],[916585,1918759],[916561,1919002],[916457,1919139],[916067,1919678],[915814,1919987],[915694,1920444],[915544,1920582],[915408,1920611],[915176,1920662],[914863,1920830],[914838,1921012],[914845,1921143],[914722,1921295],[914514,1921364],[914383,1921404],[914270,1921525],[914395,1921593],[914814,1921330],[915167,1921094],[915780,1920887],[916234,1920934],[916355,1920886],[916441,1920699],[916429,1920573],[916259,1920646],[916156,1920513],[916347,1920164],[916780,1920226],[917084,1920348],[917204,1920437],[917356,1920596],[917408,1920744],[917664,1921127],[917851,1921283],[918008,1921422],[918158,1921570],[918116,1922011],[917949,1922274],[917823,1922374],[917730,1922494],[917886,1922454],[918010,1922326],[918070,1922193],[918193,1922039],[918368,1922044],[918837,1922407],[920126,1923331],[920331,1923471],[920687,1923727],[920717,1923850],[920735,1924014],[920901,1924174],[921115,1924198],[921390,1924242],[921528,1924309],[921684,1924232],[921540,1924165],[921210,1923967],[920479,1923468],[920190,1923264],[919706,1922920],[918738,1922229],[918399,1922023],[918344,1921875],[918718,1921721],[918915,1921726],[918949,1921727]]],[[[940682,1929481],[940887,1929444],[941281,1929545],[941609,1929610],[941658,1929467],[941605,1929299],[941252,1928728],[941280,1928365],[941075,1928147],[941078,1927852],[941448,1927486],[941616,1927433],[941737,1927461],[941768,1927316],[941610,1927109],[941474,1927021],[941249,1926784],[941343,1926650],[941412,1926522],[941440,1926387],[941586,1926301],[941618,1926081],[941626,1925693],[941640,1925248],[941631,1925127],[941609,1924814],[941726,1924623],[941799,1924502],[941789,1924348],[941720,1923885],[941679,1923329],[941646,1923208],[941265,1923013],[941143,1922960],[940977,1922952],[940817,1922964],[940672,1922975],[940208,1923009],[940083,1923016],[939959,1922984],[939777,1922831],[939573,1922628],[939486,1922502],[939456,1922379],[939137,1922086],[938999,1922054],[938813,1922074],[938449,1922097],[938280,1922101],[938070,1922081],[937370,1921925],[937014,1921844],[936971,1922033],[936584,1921955],[936545,1921830],[936424,1921668],[935810,1921672],[935556,1921759],[935341,1921760],[935112,1921761],[933189,1922462],[932933,1922607],[932699,1922704],[932584,1922481],[932442,1922534],[932151,1922641],[931996,1922698],[932013,1922910],[931888,1922996],[931756,1923001],[931130,1923230],[931007,1923275],[930661,1923544],[930868,1923742],[931109,1924073],[931247,1924258],[931823,1924989],[932542,1925902],[933247,1925347],[933382,1925665],[933427,1925886],[933500,1926235],[933563,1926357],[933890,1926578],[934062,1926693],[934183,1926774],[934456,1927085],[934857,1927269],[935092,1927329],[935439,1927319],[935576,1927365],[935684,1927197],[936359,1927037],[936580,1926855],[936711,1926793],[936946,1926918],[937042,1927039],[937142,1927206],[937288,1927345],[937214,1927737],[937169,1927893],[937145,1928118],[937253,1928370],[937502,1928545],[937601,1928680],[937673,1928557],[937807,1928526],[937979,1928603],[938118,1928605],[938333,1928517],[938676,1928741],[938826,1928678],[939027,1928732],[939164,1928885],[939295,1928885],[939476,1928961],[939673,1929229],[939805,1929408],[939917,1929639],[940046,1929736],[940166,1929864],[940317,1929707],[940449,1929672],[940576,1929608],[940682,1929481]]]]}},{"type":"Feature","properties":{"name":"안산시 상록구","region":"경기"},"geometry":{"type":"MultiPolygon","coordinates":[[[[945224,1931109],[945444,1930998],[945654,1931030],[945913,1930947],[946048,1930881],[946054,1930715],[946134,1930218],[946175,1930045],[946282,1929898],[946408,1929310],[946546,1929108],[946368,1928841],[946313,1928648],[946142,1928267],[945918,1928030],[945758,1927849],[945697,1927721],[945704,1927547],[945657,1927129],[945620,1926943],[945563,1926820],[945319,1926561],[945163,1926436],[944879,1926164],[944503,1925733],[944441,1925482],[944467,1925084],[944604,1924947],[944890,1924691],[945140,1924795],[945308,1924854],[945537,1924686],[945685,1924535],[945938,1924624],[946073,1924712],[946223,1924709],[946713,1924750],[947298,1924883],[947517,1924923],[947887,1924535],[947749,1924442],[947813,1924299],[947948,1924227],[948079,1924266],[948225,1924218],[948196,1924018],[948131,1923878],[948155,1923113],[948276,1923059],[948671,1923101],[948807,1923199],[949034,1923254],[949172,1923256],[949462,1923279],[949538,1923069],[949608,1922930],[949745,1922826],[949702,1922645],[949846,1922380],[950187,1922139],[950310,1922110],[950332,1921980],[950111,1921751],[949955,1921683],[949784,1921601],[949702,1921382],[949657,1921193],[949590,1921043],[949453,1920953],[949335,1920661],[949295,1920477],[949258,1920184],[949072,1920271],[948408,1920867],[948323,1921078],[948187,1921362],[948057,1921473],[947706,1921398],[947571,1921394],[947394,1921389],[946912,1921552],[946696,1921365],[946573,1921327],[946318,1921079],[946212,1920926],[945931,1920522],[945404,1920674],[945206,1920788],[944957,1920923],[944807,1920784],[944777,1920662],[944669,1920445],[944472,1920278],[944348,1920244],[944256,1920369],[943967,1920452],[943630,1920477],[943450,1920396],[943436,1920249],[943458,1919798],[943538,1919655],[943365,1919555],[943158,1919602],[942625,1919471],[942289,1919060],[942131,1919037],[941829,1918933],[941690,1918991],[941569,1919092],[941405,1919349],[941324,1919539],[941275,1919704],[941320,1919895],[941147,1920034],[940950,1920087],[940780,1920114],[940625,1920138],[940484,1920229],[940410,1920354],[940361,1920588],[940339,1920718],[940314,1920840],[940236,1921037],[939969,1921431],[939758,1921663],[939619,1921769],[939457,1921871],[939449,1922340],[939474,1922469],[939540,1922592],[939748,1922802],[939873,1922926],[940003,1923001],[940129,1923015],[940672,1922975],[940817,1922964],[940977,1922952],[941109,1922953],[941265,1923013],[941599,1923171],[941677,1923314],[941720,1923885],[941746,1924238],[941792,1924389],[941797,1924514],[941661,1924701],[941629,1925096],[941640,1925248],[941664,1925600],[941617,1926080],[941670,1926209],[941530,1926323],[941412,1926522],[941343,1926650],[941249,1926784],[941364,1926955],[941526,1927043],[941768,1927316],[941737,1927461],[941616,1927433],[941448,1927486],[941078,1927852],[941051,1928091],[941280,1928365],[941252,1928728],[941597,1929212],[941630,1929399],[941933,1929571],[942126,1929632],[942276,1929722],[942408,1929610],[942475,1929380],[942818,1929169],[942955,1929128],[943063,1929252],[943403,1929329],[943598,1929345],[943771,1929390],[944201,1929783],[944444,1930036],[944668,1930277],[944711,1930411],[944799,1930556],[944942,1930637],[945064,1930698],[945253,1930940],[945224,1931109]]]]}},{"type":"Feature","properties":{"name":"안성시","region":"경기"},"geometry":{"type":"MultiPolygon","coordinates":[[[[979511,1906019],[979496,1905823],[979455,1905702],[979473,1905407],[979690,1905196],[979891,1904967],[979743,1904756],[979763,1904339],[979784,1904187],[979860,1904038],[979948,1903909],[980189,1903955],[980396,1903978],[980683,1903936],[981081,1903761],[981173,1903631],[981261,1903343],[981410,1903228],[981563,1903170],[981572,1903039],[981608,1902779],[981742,1902567],[981865,1902482],[982152,1902043],[982208,1901816],[982320,1901443],[982513,1901415],[982618,1901158],[982742,1900956],[982926,1900806],[983171,1900756],[983277,1900916],[983489,1901164],[983641,1901249],[983790,1901352],[984006,1901634],[984584,1902312],[984800,1902305],[984986,1901938],[985156,1901566],[985319,1901477],[985462,1901430],[985759,1901225],[985959,1900872],[986016,1900734],[986207,1900530],[986366,1900577],[986633,1900437],[986793,1900277],[986919,1900184],[987050,1900244],[987103,1900427],[987147,1900627],[987385,1900949],[987682,1900999],[988337,1900912],[988727,1900809],[988815,1900582],[988824,1900457],[988983,1900306],[989216,1900466],[989248,1900601],[989272,1900723],[989406,1900804],[989747,1900824],[989961,1900846],[990018,1900967],[990177,1901029],[990414,1900910],[990743,1900383],[990916,1899945],[990914,1899808],[991013,1899644],[991266,1899451],[991442,1899477],[991568,1899527],[991775,1899465],[991900,1899370],[992238,1899073],[992399,1898968],[992532,1898988],[992584,1899219],[992583,1899345],[992562,1899478],[992539,1899714],[992848,1899874],[993090,1899932],[993211,1900041],[993142,1900451],[993078,1900615],[993017,1900739],[992985,1900875],[993105,1901017],[993237,1901231],[993232,1901432],[993279,1901642],[992907,1901894],[992775,1901895],[992627,1901804],[992506,1901801],[992276,1901960],[992232,1902135],[992229,1902320],[992337,1902574],[992477,1902688],[992673,1902810],[992926,1903001],[993010,1903121],[993041,1903275],[993245,1903609],[993497,1904290],[993449,1904421],[993409,1904625],[993381,1904807],[993481,1904995],[993554,1905172],[993584,1905305],[993994,1905580],[994151,1905515],[994625,1905496],[994826,1905521],[994955,1905445],[995331,1905159],[995394,1905027],[995539,1904810],[995663,1904603],[995800,1904310],[995889,1904086],[996311,1903516],[996551,1903480],[996697,1903552],[997415,1903445],[997557,1903368],[997721,1903226],[997868,1903166],[998320,1903082],[998938,1902929],[999410,1902794],[999634,1902860],[999834,1902798],[999926,1902427],[999988,1901965],[1000114,1901855],[1000316,1901733],[1000372,1901546],[1000347,1901357],[1000332,1901208],[1000429,1901062],[1000673,1900829],[1000805,1900781],[1000945,1900742],[1001074,1900780],[1001204,1900782],[1001372,1900473],[1001394,1900301],[1001064,1900127],[1001045,1900005],[1001160,1899676],[1001319,1899327],[1001429,1898859],[1001398,1898548],[1001475,1898112],[1001235,1897736],[1001312,1897598],[1001178,1897115],[1001007,1896845],[1000846,1896809],[1000683,1896798],[1000606,1896671],[1000715,1896386],[1000839,1896420],[1000785,1896209],[1000536,1895883],[1000291,1895686],[1000101,1895574],[999849,1895429],[999613,1895382],[999429,1895354],[998947,1895204],[998798,1895135],[998677,1895122],[998526,1895005],[997806,1894936],[997502,1895026],[997331,1895031],[997174,1894991],[997140,1894851],[997187,1894712],[996969,1894505],[996827,1894440],[996665,1894341],[996513,1894219],[996228,1893899],[996163,1893741],[996185,1893563],[996342,1893435],[996416,1893288],[996411,1893012],[996295,1892770],[996163,1892390],[996364,1892103],[996419,1891839],[996399,1891706],[996377,1891576],[996297,1891329],[996136,1891350],[995983,1891431],[995635,1891200],[995404,1890893],[995452,1890721],[995428,1890515],[995298,1890386],[995068,1890390],[994785,1890379],[994549,1890192],[994403,1889982],[994405,1889790],[994323,1889654],[994145,1889605],[993667,1889303],[993042,1889487],[992913,1889478],[992754,1889278],[992433,1889058],[992275,1889057],[992112,1889081],[991861,1888949],[991711,1888875],[991328,1888941],[990862,1888888],[990730,1888914],[990587,1888882],[990453,1888731],[990382,1888485],[990407,1888334],[990328,1888137],[990083,1887753],[989920,1887547],[989811,1887379],[989763,1887248],[989863,1887001],[989987,1886945],[990155,1886854],[990467,1886615],[990785,1886258],[990774,1886098],[990889,1885971],[991069,1885719],[991235,1885476],[991050,1885281],[990923,1885164],[990787,1885127],[990478,1885250],[990055,1885151],[989930,1885060],[989831,1884792],[989779,1884640],[989628,1884557],[989507,1884540],[989283,1884486],[989165,1884196],[989183,1884027],[989157,1883749],[989020,1883558],[988928,1883422],[988698,1883402],[988522,1883507],[987692,1883464],[987493,1883387],[987347,1883275],[987237,1883426],[987160,1883590],[987106,1883721],[986922,1883832],[986766,1883832],[986613,1883831],[986186,1883447],[985967,1883114],[985807,1882759],[985445,1882606],[985147,1882453],[985032,1882315],[984931,1882194],[984578,1881965],[984348,1881962],[983992,1881903],[983633,1881832],[983544,1881692],[983373,1881446],[983135,1881316],[982989,1881241],[982206,1881244],[981869,1881319],[981800,1881454],[981762,1881284],[981853,1881026],[982031,1880558],[982237,1880153],[982395,1879922],[982485,1879800],[982417,1879565],[982319,1879281],[982183,1879078],[982053,1878754],[981948,1878423],[981841,1878278],[981625,1878019],[981501,1877884],[981338,1877759],[981284,1877436],[981202,1877313],[981066,1877296],[980946,1877357],[980803,1877467],[980679,1877609],[980325,1878032],[980384,1878207],[980379,1878480],[980298,1878680],[980171,1878749],[979986,1878884],[979876,1879029],[979819,1879259],[979538,1879461],[979235,1879512],[978767,1879623],[978498,1879752],[978287,1880030],[978206,1880194],[978097,1880374],[977694,1880377],[977645,1880192],[977567,1880049],[977315,1879971],[976840,1880129],[976634,1880277],[976565,1880493],[976518,1880628],[976392,1880649],[975832,1880707],[975679,1880856],[975142,1881347],[975018,1881369],[974859,1881264],[974316,1881349],[974169,1881456],[974150,1881634],[974189,1881793],[974269,1881919],[974309,1882055],[974314,1882176],[974097,1882458],[973845,1882764],[973900,1883122],[973670,1883534],[973481,1883742],[973347,1883785],[973186,1883807],[973022,1883797],[972886,1883770],[972591,1883797],[972467,1883831],[972337,1883950],[971759,1884214],[971600,1884283],[971470,1884376],[971427,1884524],[971420,1884649],[971360,1884919],[971084,1884927],[970830,1885030],[970467,1884935],[970225,1884857],[970050,1884967],[969634,1885104],[969364,1885152],[969243,1885322],[969336,1885442],[969563,1885654],[969398,1885785],[969157,1885764],[968853,1885723],[968731,1885743],[968611,1885877],[968356,1885915],[967712,1885632],[967590,1885557],[967326,1885452],[967034,1885396],[966621,1885570],[966488,1885625],[966228,1885794],[966303,1885928],[966606,1886482],[966791,1886553],[967317,1886552],[967708,1886738],[968061,1886788],[967776,1887113],[967424,1887506],[967329,1887752],[967562,1888062],[967587,1888210],[967585,1888330],[967773,1888446],[968021,1888541],[968142,1888599],[968268,1888713],[968816,1888888],[969003,1888876],[969246,1888863],[969177,1889091],[969064,1889413],[968988,1889564],[968811,1889731],[968659,1889955],[968518,1890157],[968397,1890232],[968369,1890580],[968438,1890976],[968585,1891060],[968715,1891155],[969028,1891434],[969109,1892200],[968852,1892426],[968321,1892741],[967913,1892781],[967342,1892823],[966916,1892842],[966711,1892879],[966483,1892985],[966200,1892773],[966102,1892643],[966050,1892509],[965997,1892356],[965921,1892143],[965419,1892387],[965074,1892722],[964929,1893001],[964935,1893135],[965135,1893440],[965302,1893665],[965496,1893787],[965645,1893775],[965839,1893939],[966149,1894244],[966248,1894432],[966393,1894735],[966559,1894904],[966751,1894945],[966885,1895005],[967117,1895582],[966943,1896021],[966853,1896179],[966661,1896303],[966435,1896179],[966122,1896008],[965952,1896102],[965776,1896306],[965655,1896347],[965395,1896369],[965164,1896336],[964980,1896351],[964758,1896474],[964702,1896642],[964653,1897249],[964831,1897401],[964765,1897540],[965132,1897633],[965523,1897560],[965763,1897547],[966291,1897595],[966578,1897715],[966791,1898187],[966606,1899000],[966561,1899142],[966683,1899195],[967239,1899228],[967378,1899299],[967550,1899339],[967656,1899177],[967757,1899001],[968087,1898868],[968216,1898851],[968530,1899189],[968861,1899197],[969306,1899188],[969850,1899035],[970021,1898906],[970144,1898809],[970324,1898682],[971006,1898695],[971152,1898798],[971428,1898794],[971772,1898664],[972087,1898383],[972261,1898566],[972304,1898743],[972505,1898797],[972870,1898985],[973018,1899238],[973122,1899564],[973195,1899805],[973540,1900234],[973730,1900444],[973987,1900573],[974186,1900839],[974220,1901054],[974124,1901236],[974086,1901418],[974456,1901516],[974705,1901458],[975042,1901648],[975198,1901639],[975412,1901619],[975587,1901683],[975718,1901800],[975903,1902040],[976029,1902100],[976183,1902105],[976334,1902122],[976445,1902321],[976590,1902528],[976888,1902626],[977183,1902685],[977387,1902636],[977804,1902701],[977933,1902907],[978046,1903297],[978061,1903500],[977919,1903834],[977942,1904033],[978120,1904356],[978084,1904655],[978008,1904780],[977902,1904923],[977874,1905078],[977860,1905217],[978144,1905499],[978276,1905869],[978455,1905921],[978619,1905931],[978745,1905979],[978973,1906250],[979279,1906312],[979475,1906201],[979511,1906019]]]]}},{"type":"Feature","properties":{"name":"안양시 동안구","region":"경기"},"geometry":{"type":"MultiPolygon","coordinates":[[[[952676,1937866],[952586,1937738],[952511,1937434],[952575,1937035],[952415,1936808],[952403,1936646],[952308,1936466],[952435,1935888],[952514,1935735],[952826,1935485],[953165,1935443],[953432,1935241],[953545,1935024],[953635,1934241],[953768,1934210],[953850,1934084],[953742,1933898],[953988,1933904],[954134,1933718],[954229,1933576],[954127,1933398],[953953,1933149],[954128,1932935],[954054,1932802],[953785,1932593],[953582,1932471],[953451,1932283],[953341,1932094],[953331,1931967],[953293,1931468],[953238,1931334],[952907,1930913],[952789,1930704],[952713,1930563],[952631,1930401],[952608,1930268],[952698,1930109],[952635,1929863],[952575,1929716],[952639,1929593],[952728,1929376],[952573,1929327],[952364,1929312],[952061,1929639],[951920,1929802],[951750,1929831],[951611,1929794],[951350,1929968],[951118,1930170],[950940,1930568],[950916,1930695],[950995,1930887],[950864,1930986],[950573,1931210],[950358,1931389],[950342,1931523],[950440,1931782],[950514,1931942],[950586,1932455],[950556,1932640],[950453,1932799],[950226,1932987],[949681,1933298],[949355,1933707],[949398,1934131],[949323,1934505],[949178,1934665],[949174,1934898],[949303,1934940],[949451,1934983],[949540,1935253],[949959,1935212],[950290,1935183],[950401,1935374],[950486,1935532],[950610,1935700],[950786,1935791],[951033,1935918],[951210,1936019],[951216,1936183],[951133,1936359],[951129,1936481],[951165,1936675],[951211,1936909],[951250,1937075],[951251,1937226],[951204,1937726],[951182,1937861],[951909,1937870],[952142,1937910],[952492,1938036],[952709,1938030],[952676,1937866]]]]}},{"type":"Feature","properties":{"name":"안양시 만안구","region":"경기"},"geometry":{"type":"MultiPolygon","coordinates":[[[[950403,1937576],[950910,1937691],[951182,1937861],[951204,1937726],[951251,1937226],[951255,1937091],[951211,1936909],[951165,1936675],[951129,1936481],[951133,1936359],[951213,1936191],[951218,1936063],[951142,1935923],[950786,1935791],[950610,1935700],[950486,1935532],[950401,1935374],[950290,1935183],[950070,1935202],[949540,1935253],[949451,1934983],[949303,1934940],[949174,1934898],[949141,1934758],[949323,1934505],[949398,1934131],[949355,1933707],[949678,1933300],[950226,1932987],[950406,1932858],[950503,1932710],[950575,1932544],[950541,1932021],[950440,1931782],[950374,1931619],[950335,1931484],[950573,1931210],[950505,1931041],[950416,1930910],[950161,1930940],[950039,1930907],[949783,1931098],[949648,1931085],[949238,1931075],[948960,1931046],[948825,1931017],[948590,1931043],[948234,1930871],[948148,1930747],[948076,1930622],[947777,1930241],[947796,1930110],[947699,1929948],[947569,1929656],[947438,1929329],[947201,1929156],[946971,1929053],[946592,1929087],[946458,1929207],[946340,1929852],[946196,1930004],[946134,1930218],[946054,1930715],[946048,1930881],[945913,1930947],[945654,1931030],[945503,1931047],[945224,1931109],[945214,1931268],[945136,1931667],[945045,1931842],[944958,1932144],[944876,1932463],[944713,1933107],[944845,1933196],[944922,1933505],[944883,1933627],[944853,1933828],[944900,1934125],[944763,1934334],[944604,1934375],[944434,1934350],[944308,1934389],[944267,1934521],[944323,1934918],[944444,1934926],[944785,1934799],[945058,1934611],[945124,1934738],[945512,1934896],[945633,1934906],[945769,1934825],[945929,1934875],[945963,1935081],[945950,1935299],[945996,1935524],[945935,1935646],[946063,1935868],[946189,1935882],[946383,1936080],[946597,1936397],[946639,1936619],[946513,1936674],[946414,1936832],[946545,1936995],[946691,1937037],[946906,1937446],[946894,1937793],[947085,1937638],[947226,1937389],[947503,1937325],[947672,1937334],[947795,1937393],[947906,1937586],[947912,1937720],[948011,1937874],[948152,1937954],[948530,1938038],[948755,1938196],[948872,1938387],[948953,1938545],[948984,1938666],[949431,1939061],[949614,1938836],[949610,1938684],[949973,1938381],[950166,1938212],[950263,1938057],[950218,1937931],[950261,1937728],[950403,1937576]]]]}},{"type":"Feature","properties":{"name":"양주시","region":"경기"},"geometry":{"type":"MultiPolygon","coordinates":[[[[954160,1993230],[954302,1993178],[954447,1993249],[954590,1993319],[954738,1993326],[954862,1993269],[954933,1993111],[955057,1993025],[955420,1992946],[955549,1992793],[955752,1992750],[955911,1992868],[955994,1993000],[956143,1993052],[956160,1992739],[956456,1992565],[956614,1992316],[956810,1992245],[956893,1991940],[956865,1991799],[957019,1991536],[957165,1991394],[957241,1991258],[957189,1991087],[956814,1990942],[956649,1990777],[956684,1990484],[956749,1990346],[956850,1990224],[956983,1989770],[956968,1989572],[957126,1989390],[957274,1989352],[957676,1989202],[957874,1989039],[957923,1988863],[958180,1988799],[958374,1988825],[958571,1988885],[958991,1988738],[959447,1988522],[959882,1988387],[960017,1988496],[960078,1988356],[960251,1987727],[960267,1987605],[960237,1987474],[960217,1987337],[960247,1987205],[960341,1987028],[960508,1986804],[960697,1986498],[960755,1986334],[960853,1986210],[961053,1986085],[961225,1985825],[961309,1985701],[961408,1985549],[961548,1985565],[961685,1985643],[962021,1985758],[962467,1985896],[962621,1985898],[962742,1985829],[962899,1985682],[963093,1985667],[963203,1985789],[963575,1985907],[963728,1985907],[963996,1985779],[964254,1985651],[964401,1985410],[964624,1985264],[964777,1985313],[964908,1985311],[965095,1985173],[965405,1984869],[965545,1984580],[965619,1984384],[965751,1983832],[965905,1983707],[966112,1983485],[966250,1982623],[966225,1982295],[966314,1981713],[966394,1981574],[966411,1981452],[966601,1981282],[966717,1981018],[966751,1980703],[966667,1980567],[966601,1980334],[966569,1979826],[966622,1979599],[966700,1979468],[966719,1979340],[966724,1979214],[966552,1978971],[966431,1978885],[966381,1978727],[966314,1978495],[966287,1978366],[966312,1978246],[966326,1978078],[966333,1977903],[966343,1977434],[966220,1977185],[965943,1976636],[965580,1976252],[965384,1976083],[965283,1975927],[965282,1975702],[965107,1975607],[964800,1975429],[964537,1975365],[964333,1975335],[964137,1975292],[963961,1975223],[963402,1974955],[963278,1974863],[963167,1974685],[962971,1974557],[962674,1974438],[962524,1974431],[962266,1974281],[962022,1974056],[961832,1973940],[961712,1973870],[961271,1973698],[960924,1973651],[960710,1973674],[960468,1973590],[960185,1973766],[959807,1974069],[959642,1974210],[959178,1974301],[958943,1974410],[958760,1974327],[958413,1974208],[958068,1974260],[957881,1974317],[957532,1974444],[957392,1974432],[957241,1974250],[956754,1973788],[956474,1973794],[956146,1973780],[956109,1973648],[956169,1972951],[956222,1972822],[956377,1972668],[956500,1972434],[956501,1972256],[956536,1972122],[956171,1971786],[956197,1971483],[956156,1971358],[956371,1970750],[956442,1970574],[956625,1970497],[956715,1970276],[956861,1969935],[957013,1969727],[957006,1969444],[956885,1969288],[956917,1969145],[957042,1968926],[957058,1968670],[956999,1968346],[957056,1968209],[957358,1967765],[957447,1967626],[957521,1967452],[957498,1967325],[957320,1967037],[957246,1966884],[957146,1966693],[956990,1966536],[956858,1966491],[956775,1966096],[956629,1965791],[956659,1965213],[956319,1965175],[955646,1964909],[955389,1964653],[955223,1964576],[955099,1964601],[954768,1964850],[954577,1965002],[954431,1965143],[954074,1965322],[953891,1965352],[953740,1965359],[953148,1965714],[952956,1965854],[952559,1965993],[952317,1965929],[952159,1965960],[952030,1966057],[951840,1966037],[951770,1965873],[951717,1965731],[951630,1965529],[951445,1965463],[951252,1965392],[951084,1965287],[950888,1964629],[950962,1964396],[951015,1964239],[950869,1963754],[950693,1963648],[950563,1963610],[950163,1963658],[949921,1963702],[949613,1963710],[948499,1963570],[948147,1963458],[947980,1963446],[947831,1963532],[947571,1964127],[947769,1964023],[947891,1963982],[948062,1964059],[948188,1964162],[948384,1964829],[948349,1965211],[948444,1965567],[948678,1966040],[948903,1966522],[948966,1966658],[949066,1966889],[949053,1967030],[949063,1967203],[949097,1967358],[949171,1967585],[949348,1967831],[949281,1968185],[949096,1968308],[949032,1968429],[949158,1968610],[949312,1969068],[949253,1969228],[949158,1969618],[949185,1969820],[949188,1970056],[949056,1970111],[949075,1970399],[949650,1970881],[949776,1970867],[949878,1971045],[949819,1971310],[949815,1971664],[950013,1971925],[949843,1972136],[949705,1972248],[949856,1972444],[949918,1972613],[949946,1972798],[949889,1972988],[949701,1973080],[949895,1974069],[950047,1974303],[950047,1974529],[950011,1974682],[950168,1974770],[950265,1975026],[950265,1975162],[950189,1975422],[950155,1975587],[950208,1975958],[950344,1976120],[950485,1976355],[950511,1976511],[950177,1976680],[949983,1976742],[949856,1976617],[949649,1976414],[949495,1976321],[949250,1976477],[949005,1976652],[948950,1976807],[948815,1976882],[948490,1976956],[948165,1977005],[947932,1977007],[947727,1976930],[947487,1976947],[947603,1977318],[947732,1977855],[947724,1978110],[947710,1978241],[947986,1978453],[948229,1978525],[948216,1978878],[948039,1979065],[947940,1979250],[947959,1979373],[948069,1979822],[947751,1980104],[947397,1980685],[947390,1980825],[947779,1981100],[947986,1981169],[948168,1981141],[948220,1981273],[948258,1981409],[948337,1981897],[948289,1982098],[948203,1982241],[948254,1982392],[948441,1982530],[948861,1982593],[948993,1982601],[949322,1982558],[949492,1982382],[949606,1982142],[950019,1982201],[950210,1982274],[950334,1982388],[950435,1982545],[950342,1982714],[950210,1982940],[950173,1983073],[950345,1983502],[950482,1983570],[950672,1983778],[950626,1983935],[950603,1984075],[950923,1984751],[951083,1985010],[951204,1985168],[951271,1985312],[951294,1985472],[951240,1985594],[951132,1985796],[951162,1986215],[951300,1986869],[951391,1987094],[951409,1987321],[951387,1987445],[951235,1987804],[951302,1987982],[951359,1988158],[951434,1988408],[951488,1988698],[951356,1988838],[951303,1988993],[951353,1989203],[951570,1989657],[951681,1989830],[951885,1989976],[952066,1990294],[952019,1990478],[951929,1990613],[951595,1990971],[951634,1991120],[952057,1991314],[952361,1991367],[952497,1991280],[952681,1991377],[952702,1991530],[952672,1991690],[952736,1991834],[952873,1991960],[952931,1992098],[952969,1992227],[952949,1992463],[952930,1992895],[952936,1993031],[952961,1993304],[953571,1993710],[953913,1993349],[954160,1993230]]]]}},{"type":"Feature","properties":{"name":"양평군","region":"경기"},"geometry":{"type":"MultiPolygon","coordinates":[[[[988665,1960913],[988791,1960895],[988922,1961018],[989244,1961272],[989408,1961357],[989596,1961267],[989882,1961236],[990404,1961221],[990575,1961240],[991012,1961317],[991162,1961497],[991232,1961660],[991340,1961816],[991528,1961986],[991827,1962237],[991959,1962306],[992110,1962302],[992390,1962410],[992533,1962607],[992684,1962656],[992837,1962651],[992984,1962644],[993153,1962718],[993330,1962851],[993432,1962973],[993663,1963477],[993888,1963241],[994048,1963147],[994534,1962623],[994691,1962499],[994837,1962240],[994702,1962153],[994577,1962023],[994253,1961583],[994451,1961146],[994538,1960959],[994804,1960801],[994817,1960672],[994752,1960512],[995069,1960478],[995243,1960338],[995484,1960191],[995605,1960172],[995844,1960194],[996040,1960161],[996111,1960021],[996102,1959664],[996200,1959272],[996304,1958929],[996684,1958405],[996972,1958391],[997223,1958376],[997328,1958241],[997441,1958060],[997483,1957900],[997545,1957444],[997520,1957270],[997460,1956880],[997525,1956677],[997610,1956540],[997630,1956419],[997529,1955225],[997454,1955099],[997319,1954789],[997367,1954576],[997399,1954372],[997310,1954247],[997354,1953634],[997371,1953509],[997602,1953132],[998341,1952886],[998536,1952826],[998728,1952871],[998891,1952844],[999044,1952705],[999743,1952420],[999869,1952549],[1000071,1952654],[1000263,1952732],[1000576,1952877],[1000613,1952998],[1000898,1953019],[1001288,1953288],[1001493,1953512],[1001648,1953775],[1001681,1953960],[1001802,1954044],[1001932,1954110],[1002163,1954147],[1003177,1954047],[1003301,1953950],[1003788,1953936],[1004234,1954011],[1004463,1954081],[1004712,1954144],[1004786,1953955],[1005290,1953790],[1005404,1954106],[1005434,1954255],[1005403,1954404],[1005356,1954544],[1005277,1954735],[1005237,1954976],[1005341,1955161],[1005431,1955291],[1005553,1955558],[1005530,1955768],[1005524,1955906],[1005524,1956079],[1005841,1956407],[1005997,1956513],[1006126,1956544],[1006193,1956675],[1006215,1956984],[1006220,1957105],[1005817,1957734],[1005660,1957830],[1005493,1957944],[1005268,1958159],[1005259,1958348],[1005242,1958784],[1005309,1958933],[1005662,1959236],[1006075,1959180],[1006301,1959173],[1006455,1959232],[1006804,1959288],[1006945,1959266],[1007116,1959329],[1007238,1959418],[1007366,1959573],[1007350,1959777],[1007345,1960077],[1007487,1960317],[1007649,1960374],[1007790,1960392],[1008013,1960459],[1008466,1960670],[1008718,1960827],[1008849,1960935],[1008938,1961107],[1008972,1961239],[1009116,1961300],[1009316,1961275],[1009618,1961160],[1009700,1960930],[1009949,1960733],[1010145,1960808],[1010302,1960809],[1010431,1960681],[1010483,1960517],[1010762,1960335],[1010934,1960301],[1011064,1960398],[1011186,1960395],[1011315,1960283],[1011430,1960096],[1012081,1959610],[1012222,1959362],[1012349,1959241],[1012470,1959229],[1012638,1959266],[1012892,1959287],[1012981,1959118],[1012999,1958885],[1013191,1958366],[1013344,1958194],[1013536,1958106],[1013692,1958102],[1013861,1958125],[1014045,1958214],[1014216,1958308],[1014362,1958326],[1014485,1958232],[1014528,1957984],[1014576,1957805],[1014784,1957548],[1014919,1957463],[1015086,1957357],[1015374,1957146],[1015629,1956904],[1015777,1956749],[1016185,1956548],[1016698,1956102],[1016915,1955864],[1017093,1955748],[1017318,1955727],[1017400,1955500],[1017598,1955305],[1017729,1955209],[1017512,1954837],[1017498,1954628],[1017848,1954430],[1018108,1954356],[1018230,1954304],[1018299,1954173],[1018427,1954143],[1018681,1954254],[1019316,1954458],[1019534,1954571],[1019698,1954604],[1020262,1954490],[1020435,1954401],[1020559,1954370],[1020687,1954344],[1021091,1954267],[1021242,1954274],[1021456,1954288],[1021604,1954304],[1021756,1954454],[1021954,1954590],[1022348,1954739],[1022471,1954746],[1022695,1954466],[1022718,1954332],[1022777,1954189],[1022946,1954211],[1023068,1954276],[1023363,1954084],[1023536,1953731],[1023748,1953642],[1023970,1953652],[1024540,1953451],[1025014,1953266],[1025176,1953245],[1025417,1953320],[1025612,1953509],[1025694,1953663],[1025720,1953793],[1025838,1954003],[1025964,1954025],[1026253,1953884],[1026397,1953781],[1026545,1953638],[1026754,1953389],[1026873,1953217],[1026921,1952897],[1027118,1952777],[1027294,1952756],[1027744,1951896],[1027711,1951740],[1027883,1951634],[1028315,1951542],[1028812,1951312],[1028936,1951322],[1029350,1951409],[1029707,1951281],[1029986,1951150],[1030060,1951029],[1030064,1950881],[1030306,1950658],[1030451,1950527],[1030585,1950486],[1030739,1950402],[1030749,1950167],[1030582,1949955],[1030474,1949652],[1030567,1949516],[1030498,1949389],[1030305,1949232],[1030267,1949023],[1030216,1948897],[1029902,1948830],[1029745,1948825],[1029593,1948867],[1029416,1948898],[1029219,1948792],[1029058,1948696],[1028752,1948778],[1028494,1948842],[1028374,1948802],[1028176,1948742],[1028013,1948724],[1027816,1948725],[1027627,1948780],[1027392,1948794],[1027055,1948444],[1027074,1948246],[1027078,1948029],[1026949,1947917],[1026779,1947842],[1026659,1947804],[1026420,1947761],[1026219,1947742],[1026110,1947511],[1026070,1947329],[1026022,1947064],[1025741,1946773],[1025581,1946660],[1025435,1946473],[1025395,1946326],[1025351,1946182],[1025231,1946041],[1025073,1945911],[1024887,1946005],[1024721,1945878],[1024632,1945752],[1024598,1945625],[1024459,1945460],[1024292,1945301],[1024022,1945136],[1023461,1944866],[1023241,1944875],[1022972,1944920],[1022983,1944742],[1022972,1944597],[1022947,1944349],[1022936,1944210],[1022932,1944050],[1022987,1943769],[1023294,1943690],[1023452,1943791],[1024282,1943646],[1024319,1943488],[1024405,1943291],[1024578,1943233],[1024715,1943278],[1024864,1943062],[1024922,1942759],[1025083,1942411],[1025185,1942200],[1025496,1941880],[1025973,1941586],[1026098,1941525],[1026236,1941499],[1026378,1941486],[1026508,1941505],[1026570,1941379],[1026614,1941245],[1026601,1941079],[1026479,1940748],[1026319,1940576],[1026228,1940104],[1026287,1939787],[1026379,1939535],[1026428,1939398],[1026479,1939218],[1026488,1938912],[1026481,1938557],[1026432,1938355],[1026482,1937833],[1026618,1937737],[1026716,1937598],[1026837,1937284],[1026883,1937021],[1026896,1936704],[1026747,1936503],[1026535,1936500],[1026346,1936453],[1026103,1936244],[1025982,1935970],[1025854,1935519],[1025830,1935293],[1025821,1935043],[1025629,1934246],[1025473,1934062],[1025457,1933933],[1025443,1933796],[1025337,1933439],[1024982,1932629],[1025047,1932449],[1025100,1932322],[1025061,1932075],[1024870,1932003],[1024671,1931868],[1024492,1931618],[1024426,1931234],[1024546,1930575],[1024615,1930256],[1024220,1930128],[1023648,1930085],[1023383,1930124],[1023207,1930105],[1023022,1929937],[1022987,1929809],[1022735,1929803],[1022567,1929926],[1022336,1930074],[1022212,1930071],[1021973,1930051],[1021846,1930023],[1021520,1930112],[1021344,1930311],[1020905,1930516],[1020594,1930728],[1020351,1930821],[1020224,1930704],[1020107,1930515],[1019996,1930382],[1019847,1930300],[1019521,1930317],[1019311,1930283],[1019163,1930140],[1018922,1930203],[1018523,1930274],[1018334,1930171],[1017902,1930451],[1017819,1930572],[1017720,1931149],[1017916,1931274],[1018060,1931846],[1018009,1932050],[1018033,1932443],[1018080,1932575],[1018167,1932704],[1018560,1932996],[1018971,1933278],[1019023,1933456],[1018949,1933997],[1018812,1934090],[1018640,1934229],[1018566,1934359],[1018506,1934498],[1018376,1934594],[1018231,1934535],[1017719,1934285],[1017513,1934068],[1017288,1933815],[1017088,1933657],[1016893,1933603],[1016571,1933375],[1016324,1933249],[1016328,1933802],[1016360,1934125],[1016508,1934114],[1016593,1934545],[1016629,1934758],[1016423,1934942],[1016234,1935033],[1016000,1934943],[1015375,1934775],[1014936,1934797],[1014813,1934847],[1014253,1935199],[1014090,1935267],[1013947,1935270],[1013653,1934886],[1013536,1934612],[1013562,1934475],[1013483,1934324],[1013087,1934031],[1012908,1933971],[1012757,1934039],[1012587,1934196],[1012587,1934316],[1012381,1934530],[1011977,1934934],[1011844,1934939],[1011211,1934937],[1011039,1934761],[1010927,1934603],[1010696,1934501],[1010554,1934611],[1010521,1934750],[1010413,1934972],[1009993,1935173],[1009289,1935567],[1008972,1935767],[1008644,1935762],[1008486,1935731],[1008304,1935686],[1008182,1935742],[1008069,1935883],[1007877,1935899],[1007722,1935779],[1007708,1935658],[1007791,1935512],[1007819,1935362],[1007645,1935057],[1007476,1934975],[1007414,1935100],[1007414,1935222],[1007034,1935199],[1006849,1935007],[1006358,1934736],[1005749,1934837],[1005691,1934985],[1005535,1935153],[1004983,1935290],[1004829,1935211],[1004563,1935019],[1004509,1934875],[1004505,1934737],[1004072,1934573],[1003832,1934528],[1003741,1934666],[1003600,1934711],[1003241,1934731],[1003206,1934958],[1003173,1935108],[1003055,1935524],[1003011,1935661],[1002937,1935831],[1002782,1936288],[1002725,1936422],[1002635,1936599],[1002465,1936837],[1002236,1937075],[1001820,1937402],[1001692,1937478],[1001407,1937564],[1001167,1937609],[1001019,1937662],[1000820,1937766],[1000670,1937865],[1000349,1937552],[1000187,1937469],[999867,1937200],[999776,1937069],[999653,1937016],[999507,1937048],[999268,1937136],[999076,1937164],[998943,1937154],[998811,1937087],[998633,1936927],[998470,1936759],[998416,1936622],[998378,1936429],[998286,1936223],[998214,1936097],[997695,1935917],[997571,1935919],[997299,1936085],[997229,1936239],[997164,1936364],[996947,1936455],[996536,1936483],[996062,1936588],[995785,1936719],[995564,1936913],[995426,1937034],[994912,1937237],[994775,1937230],[994297,1937251],[994122,1937427],[993941,1937440],[993769,1937461],[993591,1937546],[993370,1937676],[993221,1937784],[992920,1937600],[992729,1937326],[992480,1936995],[992304,1936949],[992181,1936957],[992017,1936919],[991793,1936781],[991508,1936400],[991385,1936233],[991305,1936046],[991287,1935923],[991089,1935837],[991006,1935965],[990989,1936114],[990769,1936337],[990647,1936383],[990476,1936485],[990206,1936684],[989744,1937312],[989627,1938039],[989644,1938176],[989512,1938287],[989356,1938305],[988824,1938389],[988706,1938546],[988746,1938682],[988748,1938833],[988720,1939192],[988576,1939429],[988424,1939746],[988781,1939876],[988919,1939917],[989209,1939957],[989351,1939918],[989547,1939906],[989694,1939954],[989868,1940094],[989843,1940273],[989872,1940410],[989989,1940583],[990053,1940766],[990004,1940957],[989973,1941133],[990008,1941303],[990159,1941678],[990164,1941853],[989967,1942334],[989905,1942482],[989715,1942932],[989595,1943122],[989439,1943347],[989519,1943807],[989579,1943967],[989881,1944339],[989789,1944472],[989700,1944644],[989380,1945181],[989268,1945411],[989026,1945916],[988882,1946344],[988839,1946499],[988743,1946749],[988485,1947224],[988039,1947857],[987921,1947991],[987720,1948115],[987569,1948204],[987428,1948285],[987306,1948349],[987084,1948440],[986713,1948516],[986416,1948516],[986292,1948507],[986167,1948489],[986037,1948439],[985901,1948392],[985439,1948395],[985285,1948420],[985109,1948468],[984724,1948494],[984580,1948478],[984383,1948369],[984072,1948065],[983803,1947799],[983651,1947706],[983494,1947705],[983227,1947612],[983127,1947115],[983149,1946924],[983131,1946787],[983002,1946712],[982878,1946823],[982850,1946971],[982882,1947509],[982894,1947651],[982918,1947839],[982999,1948175],[983048,1948351],[983170,1948771],[983253,1949027],[983317,1949171],[983651,1949820],[983753,1949969],[983867,1950123],[983981,1950293],[984059,1950419],[984392,1950968],[984571,1951274],[984881,1951916],[985121,1952429],[985255,1952759],[985566,1953570],[985632,1953851],[985730,1954018],[985861,1954370],[986013,1954790],[986049,1954929],[986099,1955160],[986226,1956070],[986301,1956678],[986316,1956849],[986336,1956995],[986384,1957184],[986514,1957594],[986592,1957824],[986781,1958353],[987049,1958820],[987440,1959371],[987742,1959594],[987926,1959710],[988055,1959842],[988195,1960000],[988294,1960124],[988600,1960700],[988651,1960822],[988665,1960913]]]]}},{"type":"Feature","properties":{"name":"여주시","region":"경기"},"geometry":{"type":"MultiPolygon","coordinates":[[[[1002236,1937075],[1002465,1936837],[1002604,1936649],[1002710,1936454],[1002775,1936305],[1002937,1935831],[1003001,1935682],[1003046,1935552],[1003151,1935186],[1003194,1935026],[1003228,1934828],[1003499,1934725],[1003677,1934699],[1003794,1934578],[1004072,1934573],[1004478,1934700],[1004519,1934847],[1004532,1934978],[1004829,1935211],[1004983,1935290],[1005535,1935153],[1005691,1934985],[1005749,1934837],[1006297,1934846],[1006849,1935007],[1007034,1935199],[1007346,1935314],[1007420,1935138],[1007447,1935013],[1007645,1935057],[1007789,1935275],[1007799,1935485],[1007708,1935658],[1007722,1935779],[1007857,1935890],[1007998,1935906],[1008143,1935771],[1008264,1935700],[1008486,1935731],[1008644,1935762],[1008862,1935789],[1009289,1935567],[1009993,1935173],[1010413,1934972],[1010499,1934821],[1010520,1934696],[1010614,1934521],[1010862,1934547],[1011039,1934761],[1011211,1934937],[1011844,1934939],[1011977,1934934],[1012381,1934530],[1012587,1934316],[1012679,1934092],[1012908,1933971],[1013087,1934031],[1013426,1934278],[1013563,1934445],[1013542,1934579],[1013653,1934886],[1013947,1935270],[1014072,1935277],[1014253,1935199],[1014705,1934939],[1014936,1934797],[1015375,1934775],[1016000,1934943],[1016162,1935029],[1016359,1934981],[1016629,1934758],[1016593,1934545],[1016508,1934114],[1016365,1934125],[1016328,1933802],[1016284,1933251],[1016536,1933325],[1016893,1933603],[1017088,1933657],[1017258,1933787],[1017419,1933950],[1017719,1934285],[1018231,1934535],[1018376,1934594],[1018506,1934498],[1018566,1934359],[1018640,1934229],[1018812,1934090],[1018949,1933997],[1019023,1933456],[1018971,1933278],[1018560,1932996],[1018167,1932704],[1018080,1932575],[1018033,1932443],[1017979,1932161],[1018061,1931900],[1017982,1931315],[1017784,1931208],[1017819,1930572],[1017902,1930451],[1018334,1930171],[1018523,1930274],[1018922,1930203],[1019125,1930142],[1019311,1930283],[1019465,1930268],[1019754,1930349],[1019996,1930382],[1020107,1930515],[1020224,1930704],[1020351,1930821],[1020504,1930772],[1020905,1930516],[1021224,1930361],[1021344,1930311],[1021426,1930167],[1021758,1930009],[1021924,1930043],[1022212,1930071],[1022336,1930074],[1022567,1929926],[1022735,1929803],[1022987,1929809],[1023131,1929426],[1022967,1928996],[1023005,1928613],[1023061,1928346],[1023094,1928209],[1022941,1928095],[1022841,1927518],[1022895,1927153],[1022949,1927000],[1023092,1926898],[1023256,1926262],[1023072,1925929],[1023014,1925709],[1023281,1924968],[1023224,1924738],[1023346,1924402],[1023474,1924071],[1023559,1923790],[1023625,1923603],[1023739,1923451],[1023784,1923330],[1023778,1923114],[1023723,1922693],[1023438,1922571],[1023232,1922619],[1022983,1922499],[1022826,1922384],[1022750,1922247],[1022566,1922118],[1022365,1922109],[1022221,1922141],[1022125,1921921],[1022162,1921476],[1022387,1921163],[1022541,1921013],[1022652,1920706],[1022744,1920172],[1022810,1920021],[1022889,1919849],[1023087,1919407],[1023069,1918848],[1023041,1918517],[1022928,1918196],[1022874,1918055],[1022809,1917812],[1022785,1917690],[1022598,1917416],[1022407,1917111],[1022169,1916622],[1022051,1916299],[1021988,1916107],[1021897,1915707],[1021907,1915356],[1021903,1914575],[1021927,1914286],[1021993,1914148],[1022034,1914021],[1022109,1913707],[1022086,1913308],[1021858,1912879],[1021716,1912786],[1021669,1912911],[1021335,1912602],[1021121,1912487],[1020875,1912165],[1020895,1912011],[1020904,1911884],[1020804,1911627],[1020723,1911487],[1020663,1911135],[1020652,1910880],[1020416,1910488],[1020234,1910007],[1020233,1909768],[1020178,1909575],[1020097,1909331],[1019777,1909223],[1019683,1909355],[1019533,1909439],[1019395,1909472],[1019253,1909428],[1018849,1908692],[1018612,1908180],[1018526,1908041],[1018357,1907973],[1018187,1907661],[1018174,1907531],[1018185,1907124],[1018138,1906565],[1017983,1906334],[1017813,1906133],[1017623,1906004],[1017426,1905951],[1017319,1905803],[1017284,1905660],[1017236,1905227],[1017277,1904746],[1017206,1904506],[1016750,1904110],[1016591,1904056],[1016448,1904115],[1016268,1904176],[1016044,1904121],[1015520,1904189],[1015118,1904170],[1014976,1904310],[1014860,1904438],[1014674,1904526],[1014428,1904510],[1014205,1904591],[1013988,1904818],[1013832,1905047],[1013797,1905201],[1013531,1905492],[1013150,1905775],[1012968,1905827],[1012612,1905885],[1012402,1905970],[1011700,1906154],[1011568,1906160],[1011394,1906292],[1011553,1906680],[1011766,1906988],[1011759,1907147],[1011588,1907397],[1011465,1907448],[1011252,1907482],[1011013,1907277],[1010607,1907056],[1010302,1907183],[1010120,1907479],[1010117,1907627],[1010154,1907860],[1010112,1907991],[1010013,1908296],[1009891,1908425],[1009592,1908651],[1009343,1908807],[1009232,1908976],[1009121,1909214],[1008899,1909373],[1008755,1909539],[1008716,1909761],[1008630,1909968],[1008502,1910102],[1008286,1910099],[1008164,1909994],[1007765,1909814],[1007431,1909811],[1007250,1909831],[1007082,1909898],[1006958,1910022],[1006751,1909982],[1006553,1909823],[1006476,1909691],[1006434,1909531],[1006496,1909408],[1006889,1908722],[1006843,1908492],[1006709,1908443],[1006448,1908165],[1006299,1907970],[1006199,1908103],[1006147,1908281],[1005925,1908587],[1005712,1908768],[1005331,1909070],[1005200,1909084],[1005172,1908947],[1005145,1908797],[1005024,1908676],[1004731,1908530],[1004150,1908346],[1003929,1908429],[1003582,1908515],[1003458,1908500],[1003285,1908326],[1003042,1908277],[1002652,1908235],[1002469,1908237],[1002386,1908391],[1002379,1908522],[1002108,1909009],[1001931,1909190],[1001779,1909253],[1001651,1909250],[1001530,1909285],[1001541,1909500],[1001661,1909729],[1001787,1909960],[1002036,1910286],[1002369,1910745],[1002487,1910921],[1002700,1911017],[1002776,1911238],[1002714,1911659],[1002802,1911850],[1002794,1912119],[1002641,1912761],[1002506,1913446],[1002538,1913728],[1002473,1914126],[1002385,1914281],[1002272,1914771],[1002260,1915611],[1002549,1915871],[1002923,1916083],[1003107,1916202],[1003286,1916452],[1003288,1916896],[1003171,1917179],[1002884,1917613],[1002854,1917735],[1002857,1917915],[1002860,1918056],[1002841,1918207],[1002805,1918427],[1002714,1918638],[1002628,1918953],[1002559,1919469],[1002654,1919617],[1002750,1920116],[1003031,1921163],[1003252,1921175],[1003755,1921705],[1003803,1921933],[1003922,1922159],[1004039,1922454],[1004066,1922724],[1004091,1923446],[1004069,1923575],[1003957,1923710],[1003785,1923794],[1003403,1923851],[1003276,1923857],[1003134,1923870],[1002970,1923905],[1002559,1924140],[1002389,1924408],[1002479,1924530],[1002472,1924655],[1002342,1924810],[1002226,1924944],[1002233,1925112],[1002425,1925266],[1002476,1925406],[1002384,1925576],[1002256,1925657],[1001888,1925621],[1001757,1925790],[1001672,1925980],[1001583,1926143],[1001364,1926525],[1001233,1926678],[1000923,1926652],[1000799,1926634],[1000498,1926562],[1000289,1926566],[1000161,1926580],[999993,1926774],[999834,1926915],[999686,1926966],[999536,1926958],[999410,1926906],[999082,1927075],[998989,1927266],[998949,1927448],[998885,1927595],[998693,1927862],[998325,1928218],[998071,1928543],[997940,1928655],[997808,1928690],[997597,1928867],[997387,1929183],[997051,1928944],[996891,1928835],[996763,1928834],[996637,1928856],[996472,1928796],[996113,1928525],[995859,1928336],[995658,1928205],[995537,1928170],[995379,1928242],[995013,1928755],[995197,1929224],[995206,1929387],[995041,1929618],[995020,1929962],[994992,1930775],[995152,1931343],[995116,1931705],[995099,1931839],[994979,1932016],[994700,1932025],[994416,1931987],[994242,1931946],[993940,1932041],[993764,1932083],[993641,1932024],[993503,1931940],[993366,1931873],[993221,1931855],[993058,1931890],[992828,1932148],[992578,1932577],[992369,1932981],[992261,1933322],[992229,1933483],[992271,1933608],[992296,1933750],[992227,1933987],[992167,1934127],[992045,1934271],[991684,1934446],[991513,1934569],[991052,1935017],[991003,1935155],[991120,1935392],[991244,1935535],[991261,1935683],[991187,1935808],[991298,1935998],[991354,1936167],[991508,1936400],[991793,1936781],[992017,1936919],[992150,1936960],[992273,1936941],[992480,1936995],[992729,1937326],[992858,1937498],[993171,1937811],[993321,1937720],[993539,1937609],[993698,1937482],[993824,1937446],[994072,1937442],[994209,1937343],[994749,1937225],[994912,1937237],[995364,1937062],[995564,1936913],[995785,1936719],[996062,1936588],[996536,1936483],[996947,1936455],[997164,1936364],[997229,1936239],[997299,1936085],[997530,1935938],[997682,1935915],[998184,1936069],[998286,1936223],[998378,1936429],[998413,1936578],[998440,1936704],[998529,1936826],[998770,1937056],[998912,1937147],[999076,1937164],[999217,1937147],[999420,1937100],[999653,1937016],[999776,1937069],[999867,1937200],[1000187,1937469],[1000349,1937552],[1000606,1937917],[1000787,1937788],[1001019,1937662],[1001167,1937609],[1001290,1937580],[1001575,1937519],[1001702,1937472],[1002146,1937146],[1002236,1937075]]]]}},{"type":"Feature","properties":{"name":"연천군","region":"경기"},"geometry":{"type":"MultiPolygon","coordinates":[[[[964589,2031298],[964834,2031267],[965038,2031258],[965296,2031229],[965411,2031078],[965360,2030928],[965235,2030789],[965102,2030654],[965103,2030497],[965236,2030362],[965376,2030304],[965563,2030257],[965783,2030226],[965922,2030179],[965932,2029959],[965803,2029734],[965825,2029559],[965811,2029280],[965757,2029160],[965711,2028732],[965783,2028489],[965899,2028132],[966011,2027520],[965874,2027249],[965918,2026875],[966075,2026494],[966182,2026347],[966371,2026318],[966655,2026197],[966816,2026019],[967010,2025898],[967162,2025963],[967330,2026039],[967579,2025978],[967719,2025889],[968014,2025988],[968121,2026302],[968438,2026385],[968676,2026396],[969051,2026614],[969167,2026821],[969278,2026947],[969428,2026939],[969656,2026893],[970076,2026580],[970407,2026561],[970534,2026514],[970484,2026350],[970375,2026103],[970461,2025944],[970410,2025582],[970338,2025439],[970252,2025168],[970332,2024961],[970397,2024769],[970287,2024489],[970327,2024272],[970648,2023982],[970799,2023952],[971213,2023739],[971290,2023569],[971295,2023317],[971406,2023143],[971505,2022955],[971477,2022593],[971409,2022427],[971071,2022034],[971518,2021383],[971617,2021230],[971876,2020877],[972024,2020700],[971552,2020132],[971554,2019953],[971558,2019663],[971455,2019442],[971322,2018953],[971367,2018686],[971402,2018558],[971447,2018416],[971476,2018120],[971468,2017836],[971568,2017213],[971670,2017052],[971675,2016598],[971582,2016312],[971520,2016183],[971417,2016057],[971340,2015772],[971432,2015641],[971469,2015494],[971491,2015171],[971506,2014654],[971538,2014305],[971421,2013812],[971275,2013629],[971348,2013388],[971684,2013277],[971909,2013209],[972135,2012897],[972185,2012706],[972220,2011710],[972188,2011532],[972199,2011358],[972224,2011035],[972299,2010208],[972840,2009591],[972959,2009404],[972999,2009278],[972982,2009088],[972874,2008819],[972770,2008522],[972759,2008396],[972789,2007919],[972823,2007793],[972823,2007647],[972777,2007492],[972702,2007276],[972573,2007197],[972399,2007141],[972240,2007124],[972011,2007216],[971805,2007306],[971603,2007383],[971443,2007410],[971304,2007408],[971123,2007324],[970899,2007072],[970732,2006890],[970527,2006903],[970391,2006981],[970222,2007050],[970046,2007086],[969901,2007082],[969750,2006946],[969622,2006776],[969454,2006583],[969318,2006510],[969118,2006508],[968976,2006796],[968959,2007025],[969040,2007373],[969091,2007656],[968814,2008099],[968642,2008162],[968289,2007844],[968272,2007606],[968263,2007435],[968121,2007327],[967977,2007324],[967751,2007160],[967573,2006910],[967390,2006753],[967242,2006673],[967120,2006733],[966998,2006849],[966690,2006908],[966506,2006878],[966289,2006759],[966201,2006517],[966146,2006366],[966090,2006137],[966038,2005953],[965949,2005744],[966053,2005473],[966329,2005092],[966461,2004963],[966450,2004793],[966314,2004644],[966184,2004485],[966402,2004383],[966539,2004366],[966757,2004381],[967053,2004290],[967279,2004211],[967571,2004245],[967703,2004319],[967867,2004391],[968143,2004337],[968200,2004053],[968177,2003911],[968126,2003775],[968021,2003610],[967977,2003441],[968047,2003251],[968266,2002665],[968297,2002523],[968357,2002395],[968678,2002022],[968983,2001665],[968988,2001139],[969037,2000840],[969023,2000619],[969006,2000438],[968892,2000214],[968875,2000089],[968888,1999946],[968974,1999801],[969007,1999629],[968757,1999190],[968508,1999169],[968041,1998967],[967730,1998741],[967674,1998612],[967573,1998350],[966963,1997904],[966651,1997731],[966576,1997880],[966455,1998158],[966402,1998429],[965942,1998824],[965597,1998835],[965288,1998849],[964946,1998881],[964924,1998746],[964606,1998446],[964389,1998419],[964252,1998412],[964063,1998374],[963977,1998225],[964117,1997673],[964204,1997539],[964233,1997252],[964118,1996977],[963935,1996938],[963656,1997198],[963187,1997463],[962832,1997498],[962578,1997472],[962248,1997420],[962088,1997353],[961895,1997341],[961678,1997425],[961711,1997579],[961722,1997778],[961360,1997827],[961022,1997875],[960770,1997955],[960669,1997819],[960541,1997782],[960429,1997509],[960243,1997236],[960034,1997112],[960005,1996988],[960027,1996849],[960044,1996634],[959959,1996430],[959873,1996217],[959796,1995915],[959752,1995668],[959548,1995422],[959270,1995324],[959007,1995359],[958608,1995209],[958514,1994978],[958563,1994677],[958615,1994519],[958508,1993864],[958356,1993589],[958133,1993430],[957844,1993360],[957545,1993088],[957466,1992931],[957309,1992503],[957261,1992327],[957122,1992247],[956913,1992150],[956614,1992316],[956452,1992513],[956160,1992739],[956181,1992932],[956081,1993053],[955954,1992959],[955859,1992812],[955549,1992793],[955437,1992924],[955057,1993025],[954933,1993111],[954862,1993269],[954738,1993326],[954590,1993319],[954447,1993249],[954302,1993178],[954160,1993230],[953913,1993349],[953651,1993705],[953844,1993802],[953986,1993977],[954027,1994214],[954061,1994537],[954069,1994713],[954763,1995212],[954897,1995239],[955042,1995283],[955116,1995409],[955076,1995831],[955070,1995994],[955136,1996198],[955284,1996536],[955422,1996560],[955664,1996521],[955860,1996517],[956233,1996598],[956353,1996755],[956410,1996896],[956384,1997042],[956327,1997173],[956448,1997339],[956642,1997370],[956713,1997217],[956882,1997289],[957012,1997380],[957096,1997505],[957146,1997625],[957131,1997992],[957153,1998183],[957283,1998423],[957428,1998492],[957558,1998595],[957507,1999219],[957263,1999406],[957131,1999373],[957002,1999362],[956526,1999444],[956191,1999670],[956068,1999808],[956001,1999976],[955956,2000104],[955808,2000209],[955686,2000264],[955529,2000432],[955484,2000581],[955367,2000766],[955256,2000889],[955154,2001061],[955176,2001206],[954729,2001169],[954268,2001076],[954118,2000944],[953936,2000893],[953813,2000994],[953667,2000967],[953551,2000750],[953419,2000437],[953270,2000321],[953150,2000228],[953009,2000106],[952849,1999964],[952670,1999804],[952580,1999670],[952382,1999243],[952227,1999056],[951981,1998845],[951374,1998449],[950661,1998027],[950162,1998130],[949663,1998308],[949489,1998389],[949362,1998459],[949164,1998552],[948515,1998797],[948166,1998866],[948168,1999190],[947865,1999453],[947729,1999518],[947572,1999552],[947170,1999580],[947039,1999611],[946697,1999429],[946651,1999274],[946644,1999091],[946623,1998474],[946663,1998074],[946715,1997674],[946801,1997304],[946918,1997109],[946916,1996960],[946906,1996815],[946578,1996555],[946154,1996431],[946013,1996432],[945793,1996473],[945655,1996519],[945156,1996788],[945002,1996883],[944881,1996979],[944735,1997195],[944518,1997441],[944389,1997563],[944162,1997765],[943903,1997996],[943665,1998243],[943435,1998438],[943167,1998645],[943045,1998685],[942841,1998715],[942667,1998656],[942486,1998496],[942165,1998157],[942048,1997874],[942004,1997700],[941955,1997485],[941903,1996900],[941879,1996590],[941851,1996370],[941806,1996101],[941652,1995792],[941654,1996190],[941373,1996198],[941252,1996144],[941183,1995976],[940995,1995756],[940590,1995578],[940328,1995498],[940165,1995616],[939991,1995890],[939995,1996011],[940135,1996179],[940034,1996417],[939946,1996543],[939752,1996765],[939630,1996816],[939323,1996785],[939138,1997060],[939103,1997197],[939291,1997237],[939463,1997362],[939255,1997430],[939105,1997639],[939110,1997775],[939074,1998035],[938944,1998149],[938768,1998305],[938549,1998844],[938572,1998998],[938662,1999125],[938601,1999315],[938409,1999424],[938220,1999534],[938027,1999431],[937935,1999284],[937867,1999135],[937664,1998922],[937373,1998910],[937333,1999081],[937348,1999348],[937375,1999545],[937670,2000122],[938049,2000129],[938230,2000109],[938771,2000132],[939076,2000147],[939526,2000163],[940023,2000507],[940281,2000782],[940369,2001035],[940554,2001174],[940560,2001394],[940385,2001503],[940424,2001643],[940522,2001898],[940843,2002161],[940767,2002295],[940722,2002467],[940844,2002903],[941066,2002910],[940922,2002748],[940811,2002420],[940958,2002378],[941352,2002744],[941543,2003058],[941869,2003491],[942052,2003715],[942143,2003856],[942693,2003911],[942858,2003907],[943070,2003790],[943431,2003756],[943281,2003878],[943194,2004013],[943170,2004196],[943178,2004316],[943212,2004450],[943322,2004581],[943286,2004844],[943201,2004979],[943195,2006090],[943509,2006105],[943634,2006087],[943710,2006719],[943711,2006887],[943509,2006888],[943252,2006889],[943416,2006989],[943592,2007013],[944068,2007442],[944369,2007726],[944458,2007900],[944705,2008804],[944658,2009047],[944413,2009187],[944306,2009366],[943896,2009699],[943772,2010133],[943798,2010382],[943918,2010410],[944165,2010663],[944034,2010781],[943679,2010954],[943541,2011253],[943685,2011332],[943819,2011603],[943819,2011723],[943978,2012053],[944072,2012175],[944282,2012343],[944547,2012522],[944962,2012684],[945226,2012733],[945394,2012732],[945934,2013033],[945997,2013190],[946138,2013960],[946444,2014467],[947116,2014823],[947323,2014905],[947599,2015051],[947629,2015211],[947832,2015467],[948228,2015445],[948862,2015351],[949265,2015026],[949451,2014759],[949505,2014616],[949620,2014463],[949793,2014320],[950155,2014327],[950231,2014502],[950250,2014676],[950828,2014920],[950949,2015008],[951263,2015088],[951402,2015108],[951839,2015165],[952326,2015074],[952460,2015079],[952752,2015235],[952753,2015412],[952754,2015553],[952978,2015643],[953119,2015435],[953239,2015378],[953288,2015504],[953313,2015761],[953413,2016054],[953502,2016203],[953450,2016361],[953384,2016495],[953260,2016605],[953129,2016665],[952957,2016803],[952824,2016936],[952686,2017080],[952360,2017409],[952122,2017554],[951951,2017653],[951767,2017851],[951768,2018039],[951786,2018196],[951959,2018438],[952086,2018480],[952117,2018341],[951990,2018189],[952165,2018150],[952547,2018483],[953023,2018927],[953190,2019119],[953199,2019526],[953160,2019756],[953262,2020028],[953387,2020059],[953499,2020317],[953333,2020841],[953138,2021075],[953106,2021418],[953286,2021534],[953301,2021705],[953288,2021880],[953284,2022097],[953326,2022227],[953558,2022261],[953704,2022239],[953844,2022210],[954026,2022258],[954056,2022425],[953978,2022798],[954100,2022828],[954235,2022824],[954422,2022882],[954628,2023335],[954796,2023493],[954797,2023736],[954679,2023943],[954495,2024236],[954496,2024391],[954504,2024670],[954380,2024777],[954619,2025313],[954785,2025378],[955039,2025322],[955171,2025218],[955306,2025138],[955419,2025326],[955356,2025450],[955422,2025572],[956030,2025164],[956192,2024992],[956624,2024683],[956706,2024976],[956760,2025130],[957010,2025206],[957131,2025339],[957154,2025500],[957177,2025724],[957323,2026134],[957460,2026399],[957682,2026499],[957803,2026515],[958004,2026618],[958235,2026816],[958313,2026997],[958204,2027201],[958044,2027344],[958185,2027405],[958538,2027390],[958686,2027292],[958859,2027374],[959451,2027818],[959557,2027988],[959693,2028425],[959913,2028849],[960364,2028902],[960627,2028855],[960913,2028807],[961043,2028808],[961175,2028957],[961321,2029127],[961542,2029287],[961751,2029237],[962051,2029342],[962428,2029726],[962564,2029943],[962761,2030219],[962883,2030249],[962995,2030375],[962970,2030511],[962915,2030654],[962843,2030790],[962895,2030934],[963100,2031037],[963528,2031171],[963730,2031109],[963883,2031039],[964326,2031164],[964335,2031391],[964506,2031344],[964589,2031298]]]]}},{"type":"Feature","properties":{"name":"오산시","region":"경기"},"geometry":{"type":"MultiPolygon","coordinates":[[[[958045,1911397],[958257,1911326],[958564,1911365],[958749,1911361],[958895,1911339],[959308,1911064],[959638,1910955],[959760,1910902],[959969,1910894],[960119,1910949],[960268,1911018],[960460,1911059],[960661,1911035],[960783,1911105],[960915,1911195],[961049,1911275],[961258,1911243],[961394,1911083],[961500,1910872],[961480,1910730],[961431,1910574],[961471,1910439],[961542,1910039],[961407,1909825],[961437,1909701],[961514,1909580],[961709,1909545],[961938,1909559],[962025,1909189],[962027,1908994],[962016,1908782],[961895,1908444],[961901,1908122],[961940,1907807],[962128,1907559],[962334,1907315],[962520,1907159],[962660,1907104],[963037,1907019],[963215,1906992],[963373,1906969],[963538,1906992],[963712,1906842],[963837,1906807],[964027,1906723],[964314,1906409],[964505,1905554],[964547,1905342],[964746,1905091],[964554,1904927],[964300,1904595],[964254,1904439],[964265,1904307],[964022,1904254],[963797,1904307],[963666,1904287],[963504,1904214],[963385,1904090],[963692,1903685],[963668,1903546],[963486,1903325],[963265,1903191],[962855,1903133],[962691,1903113],[962617,1903329],[962424,1903257],[962237,1903156],[962071,1903045],[961940,1903081],[961839,1903209],[961706,1903352],[961568,1903243],[961478,1903429],[961486,1903699],[961356,1903783],[961005,1903821],[960691,1903851],[960533,1903970],[960291,1903780],[960258,1903605],[960034,1903501],[959613,1903421],[959643,1903220],[959505,1903191],[959313,1903392],[959199,1903519],[958989,1903799],[958913,1903976],[958900,1904103],[958883,1904264],[958762,1904300],[958611,1904401],[958450,1904771],[958404,1904933],[958343,1905190],[958376,1905439],[958242,1905788],[958158,1905940],[958069,1906119],[958071,1906267],[958174,1906408],[958316,1906487],[958271,1906746],[957971,1907286],[957852,1907447],[957720,1907496],[957512,1907603],[957350,1907702],[957161,1907768],[956989,1907750],[956785,1907754],[956222,1907856],[956002,1908014],[955785,1908221],[955740,1908342],[955599,1908421],[955394,1908497],[955194,1908570],[955164,1908702],[955183,1908829],[955324,1909026],[955549,1909215],[955625,1909056],[955509,1908917],[955631,1908852],[955795,1908926],[956020,1909170],[956055,1909308],[955861,1909342],[955951,1909546],[956101,1909750],[956261,1909797],[956383,1909803],[956474,1909925],[956430,1910209],[956367,1910398],[956315,1910520],[956470,1910653],[956823,1910803],[957110,1910848],[957278,1910891],[957475,1910968],[957851,1911131],[958036,1911295],[958045,1911397]]]]}},{"type":"Feature","properties":{"name":"용인시 기흥구","region":"경기"},"geometry":{"type":"MultiPolygon","coordinates":[[[[968040,1924519],[968190,1924416],[968339,1924286],[968358,1924143],[968342,1923958],[968373,1923826],[968517,1923728],[968786,1923283],[968847,1923060],[969075,1923064],[969287,1923058],[969571,1922912],[970126,1922866],[970542,1922642],[970583,1922469],[970579,1922326],[970742,1922355],[970763,1922205],[970873,1922020],[970903,1921864],[970866,1921692],[970774,1921486],[970904,1921348],[971056,1921287],[971187,1921138],[971379,1920419],[971232,1919902],[971120,1919636],[970951,1919047],[970930,1918752],[971061,1918111],[971136,1917952],[971216,1917796],[971019,1917653],[970750,1917399],[970616,1917377],[970416,1917372],[970108,1917366],[969798,1917304],[969745,1916794],[969678,1916600],[969508,1916414],[969282,1916176],[969004,1916066],[968883,1915828],[968974,1915362],[969225,1914979],[969358,1914887],[969460,1914664],[969496,1914458],[969381,1914209],[969165,1913893],[969017,1913845],[968931,1913712],[969010,1913521],[968662,1913411],[968348,1913369],[967975,1913142],[967834,1913044],[967591,1913051],[967429,1913136],[967239,1913196],[966469,1913419],[966313,1913457],[966155,1913515],[965961,1913506],[965283,1913475],[965101,1913508],[964958,1913518],[964687,1913446],[964484,1913414],[964135,1913362],[963902,1913301],[963529,1913166],[963350,1913239],[962944,1913528],[962702,1913743],[962569,1913893],[962483,1914051],[962293,1914405],[962090,1914560],[961764,1914708],[961781,1914925],[961634,1915737],[961461,1916180],[961677,1916289],[961796,1916413],[961927,1916483],[962103,1916534],[962409,1916590],[962703,1916581],[962841,1916677],[962952,1916826],[962990,1917054],[962942,1917346],[963077,1917422],[963170,1917590],[963080,1917847],[962842,1917816],[962826,1917972],[962941,1918213],[963126,1918257],[963228,1918380],[963312,1918520],[963251,1918957],[963196,1919078],[962974,1918889],[962523,1918615],[962338,1918629],[962057,1918670],[961926,1918721],[961784,1918871],[961502,1918998],[961375,1919090],[961483,1919354],[961610,1919555],[961738,1919769],[961861,1920080],[961980,1920258],[962366,1920496],[963000,1920786],[963162,1920828],[963446,1920830],[963596,1920961],[963569,1921138],[963485,1921299],[963508,1921660],[963589,1921934],[963577,1922104],[963688,1922285],[963944,1922590],[963954,1923142],[963830,1923405],[964010,1923710],[964078,1923877],[964151,1924012],[964382,1923897],[964468,1924047],[964438,1924213],[964580,1924495],[964548,1924644],[964352,1924678],[964536,1924846],[964720,1924924],[964842,1925013],[965615,1925036],[965725,1924852],[966155,1924721],[966403,1924738],[966546,1924757],[966718,1924754],[966902,1924561],[967054,1924461],[967178,1924658],[967322,1924786],[967578,1925000],[967726,1925117],[967886,1925085],[967892,1924728],[967977,1924540],[968040,1924519]]]]}},{"type":"Feature","properties":{"name":"용인시 수지구","region":"경기"},"geometry":{"type":"MultiPolygon","coordinates":[[[[960614,1929083],[960755,1929132],[960915,1929170],[961068,1929171],[961299,1929133],[961818,1928929],[961973,1928858],[962113,1928766],[962274,1928575],[962346,1928398],[962408,1928220],[962469,1928032],[962632,1927925],[962752,1927930],[962899,1928010],[963028,1928136],[963184,1928171],[963316,1928153],[963780,1927720],[963934,1927639],[964363,1927191],[964516,1927149],[964736,1927186],[964785,1927061],[964776,1926925],[964886,1926744],[965097,1926570],[965376,1926377],[965619,1926353],[965780,1926366],[965907,1926255],[966050,1926121],[966413,1926222],[966505,1926421],[966806,1926522],[967173,1926543],[967304,1926582],[967505,1926703],[967735,1926793],[967923,1926806],[968094,1926743],[968189,1926574],[968311,1926461],[968265,1926030],[968265,1925489],[968320,1925312],[968181,1925090],[968061,1925124],[967886,1925085],[967726,1925117],[967578,1925000],[967322,1924786],[967178,1924658],[967105,1924516],[966974,1924450],[966718,1924754],[966560,1924760],[966403,1924738],[966155,1924721],[965728,1924733],[965665,1924980],[964842,1925013],[964720,1924924],[964536,1924846],[964358,1924728],[964481,1924621],[964580,1924495],[964459,1924262],[964435,1924139],[964484,1924016],[964433,1923883],[964261,1923951],[964078,1923877],[964010,1923710],[963830,1923405],[963954,1923142],[963944,1922590],[963688,1922285],[963418,1922209],[963078,1922173],[962754,1921879],[962683,1921676],[961197,1922016],[961026,1922058],[961014,1922366],[961094,1922672],[961081,1922824],[960946,1922899],[960912,1923127],[961045,1923494],[961061,1923645],[960906,1923802],[960880,1923929],[960808,1924154],[960449,1924209],[960326,1924193],[960126,1924189],[959858,1924315],[959525,1924510],[959315,1924689],[959198,1924958],[959051,1925175],[958986,1925345],[959076,1925582],[958949,1925700],[958897,1925825],[958883,1925950],[958723,1926262],[958518,1926482],[958486,1926717],[958540,1927112],[958672,1927371],[958439,1927547],[958195,1927735],[958039,1927815],[957856,1927845],[957697,1927965],[957540,1928077],[957399,1928109],[957239,1928402],[957180,1928683],[957184,1928838],[957290,1929068],[957601,1929341],[957794,1929489],[957949,1929812],[958040,1930047],[958185,1930139],[958203,1930338],[958355,1930444],[958781,1930315],[959047,1930226],[959416,1930118],[959645,1930068],[959808,1930012],[960232,1929629],[960362,1929536],[960434,1929381],[960413,1929238],[960530,1929102],[960614,1929083]]]]}},{"type":"Feature","properties":{"name":"용인시 처인구","region":"경기"},"geometry":{"type":"MultiPolygon","coordinates":[[[[976862,1928945],[976854,1928773],[976873,1928640],[977049,1928392],[977170,1928316],[977306,1928428],[977613,1928541],[977826,1928331],[978052,1928117],[978224,1927995],[978552,1927888],[978768,1927787],[978892,1927687],[978960,1927561],[979016,1927429],[979064,1927248],[979170,1927086],[979501,1927042],[979874,1927062],[980071,1927089],[980207,1927221],[980563,1927451],[980789,1927364],[980796,1927133],[980817,1926598],[980774,1926387],[980653,1926233],[980568,1926075],[980497,1925923],[980454,1925683],[980475,1925467],[980617,1925039],[980740,1924671],[980802,1924406],[980773,1924121],[980516,1923876],[980263,1923343],[980326,1923155],[980415,1922991],[980482,1922668],[980631,1922124],[980604,1921977],[980357,1921361],[980310,1921191],[980441,1920788],[980489,1920549],[980502,1920382],[980599,1920173],[980650,1919913],[980423,1919744],[980300,1919707],[980166,1919594],[980135,1919461],[980384,1919258],[980440,1919109],[980642,1918885],[980922,1918927],[981060,1919075],[981334,1919175],[981482,1919204],[981660,1919149],[981832,1918960],[981874,1918671],[981963,1918509],[982110,1918477],[982286,1918498],[982461,1918605],[982483,1918757],[982481,1918915],[982599,1919101],[982736,1919130],[982870,1919180],[983193,1919344],[983335,1919444],[983950,1919533],[984129,1919506],[984267,1919481],[984565,1919281],[984921,1919060],[985182,1919063],[985578,1919100],[985698,1919083],[985907,1918560],[985835,1918215],[985611,1918116],[985501,1917973],[985453,1917647],[985651,1917056],[985479,1916951],[985239,1916747],[985137,1916605],[985011,1916049],[985177,1915704],[985351,1915548],[985323,1915247],[985267,1915015],[985269,1914858],[985212,1914375],[985120,1914234],[984943,1913769],[984928,1913628],[984960,1913504],[985106,1913486],[985431,1913267],[985583,1913124],[985669,1912978],[985700,1912857],[985750,1912528],[985959,1912187],[986287,1912005],[986601,1911704],[986845,1911630],[987138,1911584],[987209,1911436],[987450,1911342],[987611,1911294],[988014,1911405],[988223,1911547],[988390,1911789],[988781,1911396],[988926,1911088],[989068,1910943],[989220,1910722],[988928,1910183],[988806,1910119],[988668,1909989],[988653,1909678],[988882,1909626],[989159,1909590],[989533,1909455],[989591,1909329],[989719,1909255],[990076,1909171],[990363,1909145],[990755,1909118],[991264,1909025],[991401,1909033],[991635,1909237],[991800,1909369],[991950,1909455],[992073,1909395],[992279,1908790],[992294,1908240],[992254,1907922],[992125,1907744],[991979,1907299],[992011,1906910],[992169,1906460],[992181,1906251],[992403,1905940],[992597,1905862],[992833,1905900],[993021,1905946],[993209,1905904],[993426,1905719],[993488,1905555],[993515,1905364],[993554,1905172],[993481,1904995],[993410,1904862],[993409,1904625],[993449,1904421],[993497,1904290],[993245,1903609],[993043,1903321],[993010,1903121],[992926,1903001],[992673,1902810],[992491,1902682],[992349,1902592],[992229,1902320],[992232,1902135],[992254,1902004],[992506,1901801],[992627,1901804],[992769,1901891],[992907,1901894],[993279,1901642],[993286,1901476],[993219,1901323],[993105,1901017],[992985,1900875],[993017,1900739],[993078,1900615],[993142,1900451],[993256,1900156],[993090,1899932],[992927,1899886],[992539,1899714],[992562,1899478],[992583,1899345],[992584,1899219],[992532,1898988],[992399,1898968],[992238,1899073],[991943,1899302],[991818,1899441],[991599,1899521],[991442,1899477],[991266,1899451],[991013,1899644],[990914,1899808],[990916,1899945],[990743,1900383],[990414,1900910],[990270,1901033],[990018,1900967],[989961,1900846],[989747,1900824],[989482,1900819],[989272,1900723],[989248,1900601],[989216,1900466],[989061,1900287],[988865,1900401],[988822,1900549],[988783,1900724],[988337,1900912],[987682,1900999],[987477,1901002],[987147,1900627],[987103,1900427],[987070,1900287],[986919,1900184],[986793,1900277],[986633,1900437],[986440,1900584],[986295,1900549],[986086,1900631],[985959,1900872],[985759,1901225],[985462,1901430],[985327,1901477],[985156,1901566],[984986,1901938],[984912,1902208],[984678,1902314],[984007,1901749],[983817,1901373],[983641,1901249],[983489,1901164],[983297,1900951],[983203,1900802],[982975,1900780],[982742,1900956],[982592,1901089],[982527,1901402],[982320,1901443],[982211,1901726],[982154,1902041],[981865,1902482],[981742,1902567],[981615,1902756],[981572,1903039],[981563,1903170],[981410,1903228],[981273,1903266],[981173,1903631],[981081,1903761],[980683,1903936],[980396,1903978],[980258,1903979],[979948,1903909],[979860,1904038],[979784,1904187],[979763,1904339],[979737,1904722],[979813,1904901],[979783,1905127],[979473,1905407],[979455,1905702],[979496,1905823],[979511,1906019],[979475,1906201],[979279,1906312],[979062,1906359],[978745,1905979],[978619,1905931],[978468,1905922],[978322,1905889],[978144,1905499],[977925,1905287],[977874,1905078],[977902,1904923],[978008,1904780],[978084,1904655],[978136,1904395],[978021,1904108],[977919,1903834],[978039,1903615],[978046,1903297],[977933,1902907],[977865,1902744],[977428,1902633],[977183,1902685],[976888,1902626],[976590,1902528],[976446,1902408],[976393,1902196],[976230,1902096],[976056,1902103],[975903,1902040],[975720,1901855],[975643,1901723],[975412,1901619],[975268,1901619],[975042,1901648],[974705,1901458],[974539,1901484],[974125,1901442],[974120,1901249],[974220,1901054],[974192,1900866],[974085,1900675],[973791,1900451],[973540,1900234],[973195,1899805],[973143,1899647],[973068,1899357],[972895,1899007],[972616,1898800],[972407,1898793],[972280,1898639],[972134,1898486],[971850,1898629],[971428,1898794],[971234,1898837],[971022,1898711],[970344,1898681],[970144,1898809],[970021,1898906],[969850,1899035],[969306,1899188],[968861,1899197],[968530,1899189],[968279,1898945],[968146,1898858],[967757,1899001],[967656,1899177],[967582,1899309],[967422,1899343],[967251,1899232],[966794,1899180],[966639,1899213],[966515,1899144],[966307,1899682],[966235,1899887],[965910,1900796],[965676,1901455],[965619,1901611],[965550,1901779],[965484,1901900],[965408,1902022],[965321,1902145],[965281,1902797],[965367,1903130],[965793,1903531],[965926,1903530],[966066,1903408],[966262,1903429],[966319,1903756],[966300,1904034],[966418,1904227],[966388,1904546],[966327,1904756],[966399,1904901],[966553,1905062],[966544,1905184],[966666,1905249],[966808,1905267],[966937,1905260],[967095,1905612],[967136,1905884],[967108,1906075],[967051,1906391],[966998,1906904],[967060,1907082],[967190,1907129],[967513,1907434],[967486,1907566],[967405,1907699],[967420,1907865],[967556,1907903],[968089,1907881],[968489,1907964],[968784,1907950],[969076,1908159],[969193,1908356],[969272,1908584],[969410,1908714],[969540,1908709],[969741,1908855],[969878,1909066],[969840,1909216],[969795,1909345],[969773,1909635],[969844,1909894],[969938,1910241],[969926,1910396],[969811,1910524],[969653,1910674],[969520,1910837],[969427,1911003],[969275,1911023],[969137,1911126],[969123,1911250],[969184,1911410],[969416,1911783],[969593,1912070],[969540,1912211],[969426,1912359],[969099,1912840],[969060,1913101],[969113,1913281],[969025,1913503],[968931,1913712],[969017,1913845],[969165,1913893],[969381,1914209],[969502,1914365],[969460,1914664],[969364,1914883],[969225,1914979],[968991,1915325],[968883,1915828],[968919,1915955],[969282,1916176],[969508,1916414],[969678,1916600],[969745,1916794],[969765,1917226],[970108,1917366],[970416,1917372],[970616,1917377],[970750,1917399],[971019,1917653],[971172,1917744],[971177,1917887],[971061,1918111],[970930,1918752],[970891,1918955],[971012,1919545],[971232,1919902],[971351,1920320],[971187,1921138],[971056,1921287],[970904,1921348],[970774,1921486],[970780,1921614],[970893,1921769],[970873,1922020],[970763,1922205],[970742,1922355],[970579,1922326],[970583,1922469],[970542,1922642],[970162,1922862],[969571,1922912],[969316,1923051],[969165,1923082],[968847,1923060],[968786,1923283],[968591,1923626],[968446,1923743],[968342,1923958],[968338,1924087],[968339,1924286],[968190,1924416],[968040,1924519],[967892,1924728],[967841,1924987],[967984,1925167],[968121,1925084],[968322,1925250],[968290,1925381],[968265,1926030],[968311,1926461],[968451,1926467],[968593,1926492],[968727,1926521],[968900,1926626],[969256,1926825],[969731,1926940],[969893,1927074],[970041,1927167],[970168,1927203],[971024,1927337],[971394,1927312],[971537,1927176],[971765,1927233],[972257,1927419],[972394,1927475],[972552,1927562],[972674,1927616],[973075,1927300],[973184,1927120],[973247,1926974],[973268,1926808],[973225,1926570],[973137,1926386],[973185,1926111],[973389,1925705],[973468,1925566],[973593,1925522],[973796,1925613],[974143,1925775],[974449,1926443],[974584,1926535],[974830,1926703],[974953,1926924],[975090,1927371],[975149,1927534],[975350,1927560],[975433,1927691],[975339,1927854],[975198,1927984],[975019,1928161],[974931,1928441],[975068,1928559],[975155,1928421],[975436,1928417],[975600,1928502],[975897,1928805],[976124,1928864],[976427,1928794],[976547,1928809],[976666,1928934],[976793,1929076],[976862,1928945]]]]}},{"type":"Feature","properties":{"name":"의왕시","region":"경기"},"geometry":{"type":"MultiPolygon","coordinates":[[[[959778,1935080],[959899,1935054],[959906,1934790],[959730,1934599],[959535,1934451],[959502,1934304],[959569,1934041],[959113,1933761],[959125,1932832],[959149,1932670],[959052,1932390],[958883,1932047],[958593,1931474],[958368,1931266],[958230,1931228],[958185,1930540],[958203,1930397],[958199,1930149],[958044,1930055],[957949,1929812],[957866,1929583],[957601,1929341],[957290,1929068],[957187,1928851],[957180,1928683],[957239,1928402],[957328,1928100],[957134,1928021],[957014,1927953],[956848,1927705],[956808,1927439],[956582,1926968],[956499,1926812],[956219,1926817],[955833,1926753],[955415,1926491],[955115,1926285],[954966,1926232],[954798,1926056],[954816,1925863],[954647,1925746],[954526,1925727],[954389,1925657],[954279,1925507],[954126,1925417],[953545,1925676],[953417,1925762],[953164,1925993],[953023,1925592],[952832,1925221],[952772,1925008],[952864,1924867],[952953,1924703],[952896,1924540],[952748,1924125],[952754,1923981],[952760,1923754],[952749,1923575],[952698,1923337],[952641,1923185],[952519,1922980],[952324,1922741],[951948,1922716],[951341,1922526],[950710,1922519],[950581,1922522],[950378,1922655],[950120,1922718],[949870,1922859],[949747,1922827],[949608,1922930],[949538,1923069],[949509,1923291],[949696,1923363],[949729,1923515],[949624,1923765],[949497,1923917],[949433,1924259],[949459,1924387],[949717,1924545],[949943,1924788],[949994,1924909],[950084,1925034],[950229,1925017],[950452,1924900],[950751,1924752],[950977,1925065],[951099,1925448],[951126,1926445],[951132,1926866],[951571,1927007],[951691,1927094],[951965,1927399],[951998,1927554],[952023,1927681],[952125,1927818],[952278,1928161],[952347,1928532],[952335,1928663],[952328,1928997],[952364,1929312],[952487,1929327],[952693,1929361],[952730,1929488],[952614,1929612],[952635,1929863],[952708,1930043],[952660,1930167],[952611,1930316],[952703,1930552],[952779,1930683],[952854,1930830],[953133,1931233],[953257,1931352],[953331,1931967],[953341,1932094],[953451,1932283],[953582,1932471],[953785,1932593],[954054,1932802],[954128,1932935],[953953,1933149],[954030,1933302],[954174,1933466],[954229,1933611],[954262,1933762],[954442,1934213],[954617,1934378],[954864,1934465],[955050,1934401],[955140,1934262],[955242,1934108],[955721,1934062],[955878,1934230],[956076,1934368],[956208,1934420],[956383,1934640],[956549,1934911],[956770,1934874],[956974,1934981],[957248,1935041],[957426,1934970],[957683,1934906],[958058,1934868],[958220,1934867],[958353,1934928],[958476,1934977],[958788,1935069],[958928,1935083],[959050,1935077],[959175,1935068],[959478,1935254],[959646,1935172],[959778,1935080]]]]}},{"type":"Feature","properties":{"name":"의정부시","region":"경기"},"geometry":{"type":"MultiPolygon","coordinates":[[[[966178,1975042],[966448,1974953],[966572,1974993],[966959,1974909],[967188,1974710],[967309,1974469],[967331,1974227],[967213,1974074],[967087,1974068],[967042,1973916],[967643,1973807],[967737,1973668],[967892,1973726],[968261,1973879],[968531,1973405],[968575,1973259],[968565,1973108],[968668,1972987],[968832,1972931],[968870,1972737],[968925,1972545],[968861,1972305],[968521,1972093],[968141,1972037],[967963,1972272],[967827,1972266],[967583,1972206],[967284,1972115],[967283,1971908],[967095,1971683],[966992,1971526],[966844,1971104],[966842,1970739],[966999,1970481],[967037,1970158],[967024,1969829],[966843,1969306],[966673,1969222],[966409,1969142],[966260,1968948],[966188,1968783],[966048,1968720],[965827,1968756],[965685,1968556],[965540,1968269],[965526,1968102],[965556,1967961],[965555,1967828],[965487,1967697],[965327,1967630],[965087,1967589],[964721,1967323],[964577,1967191],[964302,1967096],[963604,1967012],[963327,1967006],[962997,1966745],[963027,1966515],[963071,1966369],[962814,1966354],[962524,1966270],[962390,1966146],[962168,1966103],[962016,1966102],[961765,1966187],[961508,1966242],[961420,1966089],[961177,1965734],[960870,1965610],[960733,1965553],[960520,1965414],[960482,1965236],[960323,1965436],[960303,1965613],[960222,1966066],[959894,1965968],[959717,1966284],[959544,1966293],[959408,1966154],[959261,1966069],[959059,1965984],[958880,1965932],[958654,1966050],[958542,1966406],[958536,1966568],[958504,1966741],[958364,1966924],[958198,1966798],[957875,1966792],[957671,1966937],[957283,1966987],[957449,1967222],[957531,1967395],[957452,1967531],[957460,1967712],[957056,1968209],[956999,1968346],[956961,1968556],[957109,1968860],[956957,1969068],[956859,1969260],[957006,1969444],[957014,1969655],[956949,1969848],[956715,1970276],[956625,1970497],[956447,1970572],[956371,1970750],[956156,1971358],[956197,1971483],[956215,1971669],[956465,1972049],[956501,1972256],[956500,1972434],[956428,1972598],[956308,1972744],[956169,1972951],[956109,1973648],[956140,1973779],[956474,1973794],[956710,1973752],[957189,1974181],[957392,1974432],[957521,1974451],[957881,1974317],[958068,1974260],[958362,1974193],[958760,1974327],[958897,1974392],[959178,1974301],[959600,1974221],[959742,1974139],[960185,1973766],[960468,1973590],[960710,1973674],[960902,1973659],[961192,1973684],[961712,1973870],[961832,1973940],[962022,1974056],[962166,1974187],[962419,1974391],[962588,1974438],[962971,1974557],[963102,1974631],[963226,1974795],[963402,1974955],[963961,1975223],[964137,1975292],[964333,1975335],[964537,1975365],[964800,1975429],[965035,1975489],[965282,1975702],[965557,1975592],[965705,1975481],[965845,1975416],[965988,1975390],[966131,1975307],[966172,1975115],[966178,1975042]]]]}},{"type":"Feature","properties":{"name":"이천시","region":"경기"},"geometry":{"type":"MultiPolygon","coordinates":[[[[997597,1928867],[997794,1928700],[997937,1928654],[998071,1928543],[998325,1928218],[998579,1927945],[998885,1927595],[998949,1927448],[998976,1927314],[999074,1927091],[999362,1926925],[999484,1926926],[999686,1926966],[999834,1926915],[999964,1926830],[1000161,1926580],[1000289,1926566],[1000438,1926563],[1000738,1926612],[1000923,1926652],[1001127,1926682],[1001315,1926593],[1001583,1926143],[1001672,1925980],[1001757,1925790],[1001847,1925645],[1002201,1925650],[1002341,1925628],[1002476,1925406],[1002425,1925266],[1002276,1925159],[1002218,1925006],[1002342,1924810],[1002462,1924670],[1002479,1924530],[1002389,1924408],[1002494,1924238],[1002916,1923935],[1003134,1923870],[1003276,1923857],[1003403,1923851],[1003713,1923809],[1003938,1923720],[1004069,1923575],[1004091,1923446],[1004066,1922724],[1004039,1922454],[1003922,1922159],[1003861,1922025],[1003774,1921791],[1003266,1921187],[1003135,1921165],[1002750,1920116],[1002667,1919718],[1002634,1919575],[1002628,1918953],[1002714,1918638],[1002797,1918456],[1002841,1918207],[1002860,1918056],[1002857,1917915],[1002854,1917735],[1002884,1917613],[1003162,1917192],[1003288,1916896],[1003300,1916509],[1003192,1916259],[1002923,1916083],[1002549,1915871],[1002268,1915673],[1002272,1914771],[1002311,1914362],[1002461,1914168],[1002538,1913728],[1002506,1913446],[1002641,1912761],[1002756,1912232],[1002802,1911850],[1002733,1911689],[1002774,1911268],[1002754,1911111],[1002583,1910999],[1002369,1910745],[1002036,1910286],[1001824,1910008],[1001661,1909729],[1001565,1909549],[1001522,1909296],[1001651,1909250],[1001779,1909253],[1001931,1909190],[1002061,1909075],[1002341,1908596],[1002397,1908452],[1002380,1908313],[1002652,1908235],[1003042,1908277],[1003248,1908303],[1003366,1908424],[1003496,1908521],[1003929,1908429],[1004150,1908346],[1004692,1908512],[1004934,1908624],[1005126,1908742],[1005164,1908895],[1005175,1909019],[1005296,1909095],[1005712,1908768],[1005904,1908604],[1006081,1908384],[1006199,1908103],[1006288,1907938],[1006448,1908165],[1006605,1908332],[1006760,1908452],[1006906,1908615],[1006606,1909302],[1006481,1909420],[1006476,1909691],[1006553,1909823],[1006751,1909982],[1006958,1910022],[1007082,1909898],[1007250,1909831],[1007431,1909811],[1007765,1909814],[1008121,1909962],[1008286,1910099],[1008492,1910126],[1008630,1909968],[1008716,1909761],[1008743,1909576],[1008810,1909377],[1009121,1909214],[1009232,1908976],[1009343,1908807],[1009592,1908651],[1009891,1908425],[1010013,1908296],[1010112,1907991],[1010154,1907860],[1010133,1907706],[1010107,1907575],[1010224,1907254],[1010518,1907060],[1011013,1907277],[1011164,1907374],[1011387,1907472],[1011588,1907397],[1011759,1907147],[1011766,1906988],[1011594,1906767],[1011422,1906362],[1011330,1906167],[1011306,1906042],[1011313,1905907],[1011512,1905632],[1011869,1905179],[1012142,1904883],[1012235,1904729],[1012213,1904527],[1012178,1904377],[1012116,1904027],[1012036,1903510],[1011906,1902808],[1011824,1902395],[1011946,1902131],[1012089,1901785],[1012089,1901600],[1012050,1901448],[1011998,1901303],[1011918,1900966],[1011989,1900741],[1012013,1900609],[1011954,1900141],[1011910,1900017],[1011768,1899836],[1011571,1899680],[1011114,1899415],[1010612,1899070],[1010613,1899214],[1010317,1899037],[1010203,1898910],[1010077,1898810],[1009949,1898743],[1009723,1898693],[1009541,1898653],[1009420,1898651],[1009275,1898678],[1009071,1898793],[1008512,1898859],[1008848,1898584],[1008909,1898428],[1008985,1897923],[1009106,1897810],[1009328,1897510],[1009340,1897381],[1009273,1897257],[1009254,1896888],[1009309,1896692],[1009151,1896667],[1008959,1896926],[1008684,1897169],[1008558,1897239],[1008412,1897240],[1008145,1897172],[1008001,1897180],[1007859,1897199],[1007712,1897315],[1007382,1897433],[1007185,1897425],[1007037,1897436],[1006754,1897224],[1006610,1896974],[1006403,1896728],[1006258,1896590],[1005861,1895962],[1005775,1895781],[1005754,1895631],[1005925,1895377],[1006034,1895174],[1006022,1894956],[1005983,1894782],[1006179,1894420],[1005941,1894309],[1005529,1893953],[1005061,1893636],[1004865,1893697],[1004628,1894066],[1004319,1894210],[1003772,1894585],[1003642,1894686],[1003519,1894701],[1003094,1894822],[1002949,1894993],[1002941,1895116],[1002741,1895247],[1002548,1895188],[1002102,1895197],[1001979,1895233],[1001761,1895355],[1001637,1895468],[1001466,1895494],[1001113,1895308],[1000891,1894924],[1000861,1894714],[1000791,1894540],[1000660,1894478],[1000417,1894397],[999986,1894342],[999702,1894395],[999407,1894664],[999215,1894780],[999039,1894906],[998843,1895096],[999429,1895354],[999613,1895382],[999798,1895407],[1000101,1895574],[1000291,1895686],[1000427,1895766],[1000785,1896209],[1000880,1896400],[1000757,1896397],[1000637,1896574],[1000602,1896705],[1000768,1896810],[1000934,1896828],[1001151,1897052],[1001317,1897513],[1001285,1897662],[1001475,1898112],[1001398,1898548],[1001429,1898859],[1001319,1899327],[1001160,1899676],[1001045,1899972],[1001064,1900127],[1001336,1900258],[1001372,1900473],[1001204,1900782],[1001074,1900780],[1000945,1900742],[1000805,1900781],[1000673,1900829],[1000429,1901062],[1000332,1901208],[1000347,1901357],[1000372,1901546],[1000316,1901733],[1000114,1901855],[999988,1901965],[999926,1902427],[999906,1902722],[999721,1902863],[999489,1902821],[998938,1902929],[998320,1903082],[997918,1903150],[997785,1903194],[997660,1903275],[997486,1903419],[996810,1903541],[996664,1903548],[996311,1903516],[995954,1903970],[995800,1904310],[995663,1904603],[995545,1904802],[995394,1905027],[995331,1905159],[994955,1905445],[994826,1905521],[994625,1905496],[994151,1905515],[994018,1905580],[993557,1905345],[993465,1905496],[993472,1905635],[993267,1905881],[993021,1905946],[992884,1905915],[992693,1905864],[992403,1905940],[992181,1906251],[992169,1906460],[992011,1906910],[991979,1907299],[992038,1907636],[992187,1907812],[992294,1908240],[992279,1908790],[992162,1909281],[992010,1909459],[991887,1909426],[991635,1909237],[991443,1909077],[991264,1909025],[990755,1909118],[990363,1909145],[990076,1909171],[989719,1909255],[989591,1909329],[989533,1909455],[989159,1909590],[988882,1909626],[988653,1909678],[988668,1909989],[988806,1910119],[988928,1910183],[989220,1910722],[989132,1910883],[988926,1911088],[988814,1911280],[988390,1911789],[988317,1911623],[988014,1911405],[987685,1911279],[987450,1911342],[987209,1911436],[987142,1911581],[986845,1911630],[986662,1911652],[986287,1912005],[985959,1912187],[985750,1912528],[985682,1912811],[985687,1912943],[985583,1913124],[985457,1913243],[985106,1913486],[984984,1913496],[984928,1913628],[984943,1913769],[985120,1914234],[985212,1914375],[985299,1914789],[985267,1915015],[985323,1915247],[985351,1915548],[985202,1915658],[985031,1915979],[985137,1916605],[985216,1916727],[985479,1916951],[985611,1917036],[985453,1917647],[985501,1917973],[985611,1918116],[985835,1918215],[985894,1918453],[985726,1919069],[985829,1919278],[985959,1919342],[986254,1919459],[986618,1919773],[986560,1920044],[986420,1920142],[986172,1920370],[986072,1920503],[986057,1920674],[986024,1920831],[985865,1920963],[985862,1921094],[986083,1921370],[986263,1921374],[986389,1921296],[986534,1921252],[986705,1921315],[986929,1921462],[987044,1921601],[987231,1921744],[987358,1922088],[987308,1922246],[987159,1922334],[987092,1922461],[987259,1922663],[987368,1922823],[987395,1922969],[987553,1923099],[987956,1923196],[988019,1923429],[987951,1923580],[987901,1923725],[987890,1924113],[988248,1924034],[988375,1924000],[988665,1924219],[988704,1924399],[988837,1924516],[989009,1924636],[989132,1924584],[989993,1924426],[990337,1924537],[990461,1924629],[990460,1924782],[990591,1924957],[991146,1925383],[991338,1925348],[991463,1925300],[991592,1925372],[991719,1925602],[991857,1925785],[992251,1926117],[992418,1926135],[992957,1926579],[993003,1926770],[992998,1926945],[993041,1927105],[993263,1927209],[993491,1927299],[993773,1927489],[994074,1927831],[994138,1927974],[994193,1928185],[994253,1928360],[994518,1928577],[994657,1928670],[994836,1928773],[995013,1928755],[995359,1928299],[995452,1928173],[995658,1928205],[995859,1928336],[996113,1928525],[996465,1928789],[996637,1928856],[996763,1928834],[996891,1928835],[997051,1928944],[997284,1929131],[997561,1928984],[997597,1928867]]]]}},{"type":"Feature","properties":{"name":"파주시","region":"경기"},"geometry":{"type":"MultiPolygon","coordinates":[[[[955234,2000904],[955367,2000766],[955484,2000581],[955529,2000432],[955660,2000277],[955808,2000209],[955956,2000104],[956001,1999976],[956068,1999808],[956191,1999670],[956442,1999482],[957002,1999362],[957131,1999373],[957263,1999406],[957400,1999309],[957596,1998663],[957452,1998504],[957283,1998423],[957153,1998183],[957131,1997992],[957139,1997655],[957096,1997505],[957012,1997380],[956882,1997289],[956737,1997215],[956642,1997370],[956499,1997375],[956327,1997173],[956382,1997045],[956413,1996912],[956353,1996755],[956269,1996632],[955860,1996517],[955664,1996521],[955523,1996556],[955348,1996562],[955136,1996198],[955070,1995994],[955076,1995831],[955116,1995409],[955042,1995283],[954897,1995239],[954763,1995212],[954077,1994755],[954061,1994537],[954027,1994214],[953986,1993977],[953844,1993802],[953651,1993705],[952961,1993304],[952936,1993031],[952930,1992895],[952921,1992569],[952969,1992227],[952931,1992098],[952873,1991960],[952736,1991834],[952672,1991690],[952696,1991549],[952681,1991377],[952552,1991268],[952361,1991367],[952057,1991314],[951634,1991120],[951595,1990971],[951819,1990692],[951967,1990562],[952047,1990396],[951976,1990058],[951795,1989904],[951615,1989740],[951353,1989203],[951303,1988993],[951341,1988865],[951488,1988698],[951459,1988517],[951359,1988158],[951302,1987982],[951235,1987804],[951364,1987523],[951409,1987321],[951391,1987094],[951300,1986869],[951162,1986215],[951132,1985796],[951179,1985658],[951279,1985527],[951273,1985317],[951204,1985168],[951083,1985010],[950923,1984751],[950604,1984078],[950626,1983935],[950683,1983798],[950526,1983576],[950377,1983541],[950173,1983073],[950210,1982940],[950342,1982714],[950435,1982545],[950334,1982388],[950210,1982274],[950019,1982201],[949648,1982143],[949492,1982382],[949322,1982558],[948993,1982601],[948861,1982593],[948521,1982556],[948296,1982463],[948205,1982252],[948289,1982098],[948343,1981953],[948258,1981409],[948222,1981278],[948168,1981141],[947986,1981169],[947779,1981100],[947445,1980941],[947382,1980797],[947751,1980104],[947996,1979896],[948003,1979462],[947938,1979271],[947983,1979124],[948130,1978982],[948229,1978525],[947986,1978453],[947769,1978342],[947724,1978110],[947742,1977905],[947603,1977318],[947500,1976999],[947727,1976930],[947932,1977007],[948165,1977005],[948490,1976956],[948815,1976882],[948950,1976807],[949005,1976652],[949250,1976477],[949495,1976321],[949649,1976414],[949789,1976548],[949946,1976721],[950177,1976680],[950471,1976546],[950485,1976355],[950419,1976220],[950234,1975988],[950155,1975587],[950189,1975422],[950257,1975272],[950265,1975026],[950168,1974770],[950011,1974682],[950047,1974529],[950094,1974378],[949895,1974069],[949612,1973196],[949778,1973038],[949939,1972869],[949918,1972613],[949874,1972481],[949705,1972248],[949403,1972219],[949157,1972089],[948875,1972089],[948754,1972152],[948105,1972042],[947837,1971783],[947656,1971614],[947490,1971522],[947294,1971208],[947215,1971013],[947245,1970836],[947341,1970715],[947398,1970588],[947368,1970103],[947140,1969905],[946892,1969869],[946540,1969773],[946167,1969495],[946009,1969499],[945934,1969646],[945805,1969643],[945644,1969714],[945344,1969794],[945127,1969751],[944948,1969713],[944805,1969780],[944754,1969944],[944639,1970197],[944301,1970087],[944172,1970323],[944042,1970526],[943855,1970518],[943705,1970533],[943502,1970610],[943209,1970841],[943051,1970788],[941975,1970419],[941891,1970287],[941788,1970105],[941587,1969977],[941396,1970009],[941141,1970105],[940852,1969935],[940621,1969842],[940205,1969756],[940035,1969763],[939861,1969775],[939694,1969688],[939579,1969543],[939313,1969653],[939204,1969773],[939123,1969901],[938885,1969946],[938668,1969969],[938517,1970195],[938406,1970429],[938439,1970613],[938419,1970775],[938256,1970956],[938006,1970939],[937844,1970862],[937892,1970567],[937939,1970306],[937877,1970064],[937784,1969906],[937645,1969699],[937524,1969593],[937337,1969536],[937210,1969492],[936931,1969205],[936943,1969081],[936737,1968961],[936553,1968928],[936384,1968732],[936175,1968376],[936062,1968245],[935993,1967983],[935962,1967825],[935960,1967663],[936017,1967516],[935952,1967393],[935781,1967549],[935466,1967738],[935318,1967600],[935102,1967460],[934957,1967411],[934765,1967339],[934412,1967486],[934173,1967509],[933966,1967374],[933843,1967320],[933660,1967377],[933538,1967518],[933399,1967557],[933220,1967509],[932944,1967555],[932813,1967474],[932587,1967502],[932434,1967546],[932265,1967548],[932137,1967549],[931728,1967514],[931604,1967414],[931504,1967276],[930916,1967017],[930751,1966983],[930625,1966967],[930505,1966985],[930245,1966878],[930117,1966789],[929972,1966704],[929767,1966637],[929636,1966625],[929338,1966501],[929003,1966197],[928797,1965981],[928650,1965782],[928529,1965844],[928427,1966028],[928320,1966183],[927963,1966585],[927730,1966741],[927362,1966976],[927180,1967069],[927250,1967750],[927283,1968337],[927422,1968629],[927571,1968971],[927649,1969408],[927755,1970007],[927770,1970547],[927649,1971209],[927577,1971603],[927520,1971886],[927499,1972043],[927489,1972201],[927424,1972565],[927362,1972910],[927140,1973365],[926662,1974341],[926469,1974735],[926348,1975622],[926298,1975997],[926282,1976191],[926347,1976590],[926412,1976990],[926508,1977404],[926594,1978188],[926699,1978987],[926758,1979387],[926843,1979881],[926955,1980586],[927016,1980985],[927079,1981379],[927083,1981992],[926944,1981961],[926723,1982060],[926104,1982457],[926037,1982582],[926102,1982870],[926261,1982961],[926531,1982937],[926813,1983077],[927034,1983263],[927111,1983124],[927518,1983016],[927818,1983234],[927865,1983368],[927857,1983657],[927850,1983868],[928084,1984207],[928235,1984401],[928382,1984621],[928467,1984783],[928877,1985582],[928944,1985718],[928463,1986158],[928184,1986341],[928014,1986213],[927964,1986079],[927889,1985938],[927470,1985896],[927266,1985894],[927288,1986037],[927381,1986181],[927461,1986395],[927239,1986624],[927168,1986751],[927382,1986739],[927530,1986711],[927853,1986826],[928020,1986913],[927993,1987035],[927853,1987084],[927768,1987213],[927826,1987347],[927906,1987478],[927660,1987556],[927560,1987405],[927568,1987266],[927434,1987173],[927233,1987254],[927258,1987382],[927389,1987511],[927406,1987668],[927189,1987760],[927053,1987874],[927183,1987961],[927290,1988146],[927650,1988923],[927681,1989071],[927681,1989226],[927648,1989726],[927637,1990077],[927829,1990288],[928071,1990535],[928090,1990866],[927790,1990778],[927423,1990775],[927264,1990802],[926871,1991077],[926713,1991294],[926672,1991513],[926681,1991657],[926701,1991783],[926753,1991938],[926828,1992112],[926872,1992333],[926874,1992512],[926861,1992635],[926819,1992776],[926822,1993004],[926981,1993144],[927248,1993594],[927182,1993717],[927038,1993781],[927048,1994304],[927150,1994426],[927250,1994579],[927244,1994733],[927214,1994979],[927157,1995126],[927161,1995268],[927337,1995399],[927509,1995462],[927659,1995442],[927665,1995209],[927826,1995344],[927918,1995489],[928079,1995668],[928210,1995669],[928517,1995542],[928948,1996271],[929053,1996550],[929367,1996729],[929708,1996914],[929872,1997209],[929922,1997398],[930064,1997508],[930233,1997535],[930394,1997551],[930515,1997539],[930559,1997370],[930549,1997166],[930566,1997031],[930693,1996883],[930817,1996763],[931037,1996890],[931195,1996835],[931283,1996699],[931254,1996570],[931378,1996429],[931942,1996561],[932076,1996668],[932172,1996806],[932340,1996815],[932508,1996785],[932738,1996666],[932869,1996544],[933029,1996546],[933054,1996677],[933099,1996839],[933254,1997250],[933392,1997237],[933584,1997313],[933970,1997638],[934057,1997886],[934284,1998114],[934465,1998225],[934856,1998455],[935020,1998411],[935178,1998510],[935526,1998463],[935745,1998306],[935908,1998094],[935982,1997962],[936122,1997849],[936259,1997896],[936360,1998075],[936231,1998177],[936081,1998246],[936109,1998461],[936478,1998442],[936699,1998352],[937091,1998267],[937592,1998894],[937780,1999019],[937935,1999284],[938027,1999431],[938220,1999534],[938340,1999427],[938519,1999373],[938662,1999125],[938572,1998998],[938547,1998865],[938768,1998305],[938944,1998149],[939074,1998035],[939110,1997775],[939105,1997639],[939255,1997430],[939463,1997362],[939339,1997257],[939161,1997199],[939138,1997060],[939323,1996785],[939537,1996763],[939740,1996771],[939946,1996543],[940034,1996417],[940160,1996236],[940051,1996026],[939991,1995890],[940165,1995616],[940328,1995498],[940590,1995578],[940995,1995756],[941159,1995947],[941252,1996144],[941373,1996198],[941654,1996190],[941652,1995792],[941806,1996101],[941851,1996370],[941873,1996500],[941903,1996900],[941955,1997485],[941985,1997613],[942048,1997874],[942165,1998157],[942486,1998496],[942608,1998605],[942841,1998715],[943000,1998699],[943153,1998650],[943371,1998492],[943614,1998287],[943903,1997996],[944162,1997765],[944389,1997563],[944518,1997441],[944674,1997285],[944855,1997017],[944981,1996899],[945156,1996788],[945655,1996519],[945793,1996473],[945995,1996435],[946154,1996431],[946578,1996555],[946875,1996763],[946916,1996960],[946918,1997109],[946907,1997273],[946715,1997674],[946663,1998074],[946623,1998474],[946644,1999091],[946651,1999274],[946697,1999429],[946933,1999607],[947064,1999612],[947572,1999552],[947729,1999518],[947865,1999453],[948168,1999190],[948167,1998947],[948515,1998797],[949164,1998552],[949362,1998459],[949489,1998389],[949614,1998329],[950162,1998130],[950661,1998027],[951374,1998449],[951981,1998845],[952112,1998940],[952354,1999210],[952563,1999623],[952670,1999804],[952849,1999964],[953009,2000106],[953150,2000228],[953419,2000437],[953551,2000750],[953667,2000967],[953813,2000994],[953936,2000893],[954118,2000944],[954268,2001076],[954729,2001169],[955175,2001298],[955154,2001061],[955234,2000904]]]]}},{"type":"Feature","properties":{"name":"평택시","region":"경기"},"geometry":{"type":"MultiPolygon","coordinates":[[[[940973,1883670],[941277,1883019],[940531,1882780],[940470,1882911],[940330,1883302],[940268,1883448],[940720,1883699],[940933,1883730],[940973,1883670]]],[[[965704,1905158],[965876,1905131],[966514,1905153],[966433,1904929],[966328,1904761],[966305,1904638],[966423,1904301],[966300,1904034],[966319,1903756],[966311,1903508],[966066,1903408],[965926,1903530],[965793,1903531],[965367,1903130],[965281,1902797],[965297,1902220],[965353,1902099],[965445,1901966],[965550,1901779],[965619,1901611],[965676,1901455],[965910,1900796],[966235,1899887],[966307,1899682],[966500,1899156],[966606,1899000],[966777,1898270],[966654,1897785],[966291,1897595],[965763,1897547],[965523,1897560],[965231,1897599],[964767,1897549],[964831,1897401],[964708,1897310],[964621,1896744],[964726,1896554],[964980,1896351],[965164,1896336],[965387,1896369],[965655,1896347],[965776,1896306],[965952,1896102],[966122,1896008],[966400,1896113],[966661,1896303],[966853,1896179],[966943,1896021],[967116,1895689],[966885,1895005],[966751,1894945],[966559,1894904],[966393,1894735],[966286,1894534],[966149,1894244],[965839,1893939],[965713,1893826],[965590,1893768],[965302,1893665],[965135,1893440],[964947,1893155],[964920,1893033],[965039,1892786],[965356,1892430],[965804,1892161],[965996,1892354],[966050,1892509],[966102,1892643],[966200,1892773],[966402,1893022],[966711,1892879],[966916,1892842],[967247,1892813],[967913,1892781],[968321,1892741],[968762,1892483],[969079,1892262],[969085,1891518],[968715,1891155],[968585,1891060],[968446,1890986],[968376,1890628],[968397,1890232],[968518,1890157],[968641,1890036],[968740,1889809],[968988,1889564],[969064,1889413],[969177,1889091],[969246,1888863],[969101,1888870],[968816,1888888],[968374,1888804],[968142,1888599],[968021,1888541],[967773,1888446],[967583,1888375],[967587,1888210],[967570,1888076],[967416,1887833],[967424,1887506],[967776,1887113],[968039,1886890],[967708,1886738],[967420,1886553],[966791,1886553],[966580,1886554],[966350,1885971],[966195,1885835],[966056,1885892],[965907,1885911],[965763,1885904],[965655,1886040],[965522,1886113],[965424,1885942],[965270,1885672],[965000,1885373],[964871,1885319],[964715,1885285],[964140,1884709],[964063,1884267],[964249,1884081],[964425,1884081],[964575,1884010],[964647,1883889],[964351,1883581],[964129,1883247],[964047,1882860],[963941,1882720],[963814,1882757],[963663,1882862],[963570,1882995],[963417,1883164],[963158,1883340],[962452,1882762],[962159,1882484],[962073,1882334],[962048,1882465],[961848,1882562],[961595,1882483],[961579,1882674],[961309,1882703],[960945,1882458],[960468,1882214],[960182,1881978],[959860,1881812],[959724,1881750],[959197,1881686],[958955,1881662],[958820,1881657],[958564,1881403],[958454,1881273],[958300,1881208],[958166,1881214],[957800,1881252],[957434,1881469],[957339,1881592],[957175,1881799],[956980,1881930],[956347,1882060],[956147,1882042],[955792,1881976],[955707,1881810],[955544,1881808],[955400,1881864],[955254,1881951],[955045,1882006],[954861,1881918],[954719,1881802],[954186,1881691],[953669,1881220],[953130,1880962],[952954,1880911],[952494,1880777],[952371,1880741],[951584,1880457],[951212,1880338],[950563,1880163],[950086,1880033],[949369,1879605],[948040,1878812],[947465,1878313],[947280,1879014],[947121,1879240],[947116,1879392],[947131,1879644],[947034,1879794],[946874,1879840],[946831,1880436],[946850,1880565],[946897,1880694],[946897,1880822],[946857,1880943],[946653,1881234],[946503,1881443],[945944,1881819],[945549,1882078],[945419,1882163],[945149,1882113],[944847,1882058],[944535,1882001],[944200,1881939],[943719,1881851],[943604,1882086],[943576,1882206],[943546,1882329],[943502,1882506],[943326,1882661],[942910,1882825],[942680,1883009],[942468,1883515],[942306,1883426],[942183,1883358],[941707,1884004],[941772,1884214],[941753,1884383],[941616,1884594],[941466,1884511],[941228,1884939],[940880,1885569],[940714,1885869],[940465,1886316],[940330,1886554],[939952,1887242],[940152,1887351],[940021,1887715],[939781,1887597],[939556,1887582],[938859,1887871],[939323,1887690],[939532,1887670],[939725,1888137],[939791,1888303],[939144,1888573],[938889,1888680],[938586,1888255],[938493,1888032],[938076,1888203],[938226,1888566],[938438,1888555],[938530,1888777],[938261,1888951],[938082,1889022],[937527,1888965],[937239,1889008],[937146,1888798],[936865,1888680],[936729,1888760],[936599,1889009],[936455,1889298],[936238,1889569],[935848,1890094],[936563,1890718],[936705,1890752],[937517,1890856],[938149,1890772],[938686,1890770],[938850,1890766],[939213,1890760],[940651,1890749],[941474,1890848],[941612,1890924],[942280,1891294],[942568,1891614],[942770,1891906],[942996,1892267],[943210,1892630],[943423,1892992],[943624,1893354],[943937,1893919],[944078,1894168],[944374,1894648],[944645,1895088],[944761,1895319],[944931,1895665],[945035,1895877],[945165,1896253],[945215,1896666],[945371,1896634],[945665,1896640],[945826,1896659],[946403,1896834],[946784,1897000],[946841,1897205],[946974,1897299],[947136,1897374],[947113,1897174],[947134,1896985],[947395,1896876],[947845,1896622],[947990,1896501],[948439,1896434],[948624,1896461],[948789,1896601],[949101,1896751],[949311,1896679],[949421,1896457],[949482,1896258],[949519,1896120],[949718,1896050],[950467,1895959],[950662,1895985],[950917,1896049],[950929,1896201],[950859,1896390],[950963,1896698],[951022,1896829],[951165,1896844],[951336,1896773],[951637,1896761],[951777,1896810],[952127,1896757],[952249,1896713],[952409,1896717],[952559,1896861],[952640,1897079],[952734,1897220],[952854,1897300],[952998,1897261],[953197,1897168],[953384,1897029],[953683,1897070],[953997,1897111],[954197,1897128],[954340,1897076],[954650,1896948],[954876,1896952],[955093,1896934],[955215,1896907],[955311,1897037],[955288,1897157],[955139,1897254],[955000,1897302],[954721,1897661],[954772,1897782],[954894,1897765],[955093,1897753],[955219,1897818],[955217,1897973],[955159,1898105],[954921,1898423],[954789,1898621],[954719,1898816],[954878,1898930],[955177,1898880],[955310,1898778],[955347,1898652],[955479,1898554],[955576,1898688],[955553,1898818],[955361,1899035],[955210,1899092],[955175,1899268],[955293,1899393],[955419,1899505],[955422,1899662],[955356,1899794],[955301,1899917],[955315,1900159],[955374,1900509],[955415,1900960],[955283,1901053],[955158,1901272],[955219,1901400],[955524,1901364],[955595,1901503],[955472,1901519],[955189,1901551],[955090,1901773],[955068,1901895],[955206,1901857],[955353,1901837],[955480,1902016],[955350,1901901],[955230,1901943],[955142,1902072],[955436,1902431],[955473,1902837],[955372,1902966],[955373,1903088],[955566,1903278],[955686,1903359],[955988,1903366],[956345,1903401],[956773,1903486],[957092,1903573],[957214,1903628],[957463,1903808],[957776,1903933],[957972,1903956],[958136,1903976],[958718,1904218],[958883,1904264],[958920,1904135],[958913,1903976],[958962,1903842],[959199,1903519],[959313,1903392],[959499,1903198],[959642,1903211],[959613,1903421],[959953,1903550],[960211,1903560],[960248,1903692],[960495,1903941],[960617,1903938],[961005,1903821],[961294,1903790],[961486,1903699],[961478,1903429],[961549,1903217],[961680,1903339],[961839,1903209],[961940,1903081],[962071,1903045],[962194,1903085],[962397,1903243],[962615,1903353],[962624,1903159],[962855,1903133],[963265,1903191],[963442,1903297],[963668,1903546],[963692,1903685],[963402,1904051],[963504,1904214],[963666,1904287],[963797,1904307],[963938,1904255],[964265,1904307],[964256,1904436],[964300,1904595],[964554,1904927],[964682,1905047],[964809,1904871],[965260,1904971],[965442,1905031],[965704,1905158]]]]}},{"type":"Feature","properties":{"name":"포천시","region":"경기"},"geometry":{"type":"MultiPolygon","coordinates":[[[[972780,2020707],[972763,2020138],[972702,2019982],[972635,2019841],[972569,2019711],[972484,2019339],[972537,2018996],[972623,2018751],[972686,2018397],[972736,2018052],[972915,2017767],[973216,2017561],[973543,2017368],[973724,2017215],[973992,2016988],[974184,2016680],[974345,2016475],[974458,2016353],[974582,2016317],[974706,2016344],[975004,2015863],[975335,2015523],[975642,2015285],[975826,2015650],[975844,2015783],[975819,2015963],[975799,2016143],[975801,2016350],[976022,2016498],[976472,2016374],[976614,2016333],[976757,2016378],[977024,2016810],[977023,2017011],[977016,2017179],[977117,2017342],[977256,2017465],[977740,2017660],[977908,2017827],[978542,2018083],[978672,2018176],[978666,2018347],[978862,2018816],[978984,2018929],[979115,2018921],[979262,2018970],[979545,2019528],[979471,2019658],[979387,2019809],[979508,2020024],[979865,2020210],[980017,2020182],[980164,2020115],[980296,2020129],[980689,2020284],[981007,2020316],[981076,2020120],[981209,2020027],[981288,2019880],[981454,2019643],[981671,2019653],[981880,2019688],[982196,2019629],[982306,2019459],[982148,2019157],[981978,2019074],[981842,2019079],[981517,2018823],[981450,2018660],[981483,2018478],[981478,2018280],[981340,2017929],[981198,2017804],[981075,2017688],[981063,2017560],[981177,2017242],[981263,2017054],[981234,2016762],[981097,2016315],[980893,2015971],[980765,2015873],[980605,2015720],[980422,2015519],[980320,2015350],[980268,2015193],[980245,2015049],[980257,2014881],[980385,2014764],[980436,2014314],[980396,2014083],[980345,2013878],[980781,2013939],[980892,2013809],[980925,2013593],[980894,2013375],[981020,2012930],[981270,2012740],[981711,2012751],[982013,2012800],[982213,2012880],[982360,2012876],[982520,2012804],[982640,2012804],[982897,2012850],[983023,2012925],[983078,2013062],[983123,2013205],[983304,2013140],[983465,2012880],[983494,2012758],[983557,2011991],[983613,2011871],[983732,2011683],[983869,2011402],[983906,2011239],[983938,2010928],[984276,2010521],[984449,2010526],[984789,2010515],[984981,2010486],[985123,2010394],[985268,2010219],[985617,2010036],[985738,2009993],[985828,2010147],[985871,2010295],[985864,2010447],[985820,2010648],[985907,2011193],[986058,2011308],[986232,2011355],[986426,2011394],[986518,2011537],[986641,2011628],[986976,2011599],[987149,2011567],[987373,2011749],[987876,2011866],[988058,2011880],[988247,2011873],[988600,2012129],[988722,2012229],[988796,2012352],[988812,2012515],[988901,2012722],[989166,2013002],[989360,2013147],[989480,2013085],[989817,2012781],[989973,2012739],[990152,2012749],[990403,2012741],[990554,2012688],[990744,2012614],[991016,2012591],[991163,2012600],[991293,2012627],[991480,2012570],[991555,2012313],[991561,2012011],[991717,2011427],[992408,2011322],[992688,2011497],[993023,2011775],[993216,2011849],[993431,2012097],[993461,2012335],[993633,2012545],[993766,2012684],[993910,2012802],[994064,2012585],[994121,2012374],[994336,2012257],[994519,2012260],[994696,2012176],[994842,2011931],[994865,2011665],[994878,2011486],[994938,2011305],[995052,2011094],[995145,2010917],[995254,2010286],[995195,2009944],[995160,2009763],[995206,2009640],[995303,2009495],[995359,2008958],[995344,2008774],[995298,2008615],[995145,2008327],[995251,2008114],[995329,2007903],[995328,2007461],[995272,2007100],[995157,2006807],[995130,2006462],[995187,2006246],[995282,2006113],[995298,2005899],[995262,2005748],[995056,2005309],[994749,2004854],[994629,2004579],[994357,2004258],[994069,2003999],[993705,2003787],[993430,2003747],[993343,2003431],[993472,2003308],[993565,2003177],[993606,2003047],[993568,2002859],[993470,2002546],[993285,2002250],[993032,2001974],[992845,2001634],[992847,2001490],[992868,2001328],[992710,2001085],[992520,2000778],[992494,2000628],[992506,2000465],[992533,2000281],[992347,1999762],[992177,1999657],[992007,1999573],[991872,1999347],[991846,1999222],[991679,1998932],[991538,1998956],[991077,1998804],[990934,1998718],[990625,1998448],[990393,1998215],[990253,1998120],[990130,1998225],[989965,1998134],[989827,1997835],[989832,1997626],[989847,1997460],[989750,1997133],[989660,1996940],[989642,1996790],[989665,1996665],[989463,1996327],[989297,1996206],[989211,1996025],[989168,1995749],[989242,1995527],[989394,1995451],[989400,1995258],[989289,1995085],[989197,1994909],[989368,1994485],[989529,1994516],[989702,1994437],[989913,1994119],[989887,1993887],[989858,1993712],[989736,1993671],[989644,1993524],[989576,1993400],[989397,1993212],[989268,1993199],[989016,1992987],[988851,1992789],[988753,1992633],[988532,1992260],[988403,1992194],[988253,1992135],[988204,1991958],[988022,1991769],[987886,1991726],[987385,1991314],[986929,1991254],[986802,1991296],[986661,1991481],[986660,1991643],[986408,1991845],[986287,1991815],[986126,1991675],[985897,1991529],[985719,1991477],[985494,1991661],[985351,1991758],[985177,1991811],[985055,1991674],[985061,1991528],[984955,1991368],[984935,1991062],[985049,1990729],[984885,1990403],[984805,1990270],[984910,1990040],[985032,1989750],[984901,1989556],[984817,1989422],[984764,1989285],[984741,1988615],[984919,1988255],[984815,1988042],[984717,1987914],[984593,1987845],[984456,1987729],[984386,1987510],[984374,1987231],[984393,1986792],[984423,1986582],[984545,1986500],[984618,1986374],[984501,1985890],[984423,1985743],[984210,1985773],[984054,1985720],[983985,1985592],[983930,1985469],[983807,1985352],[983673,1985344],[983513,1985258],[983519,1985125],[983372,1985160],[983173,1985373],[982939,1985441],[982808,1985454],[982652,1985431],[982249,1985434],[982057,1985464],[981728,1986137],[981649,1985964],[981455,1985657],[981343,1985505],[981279,1985365],[981184,1985107],[981154,1984884],[981108,1984667],[981031,1984521],[980783,1984095],[980680,1983841],[980989,1983357],[981111,1983284],[981173,1983139],[981026,1982944],[980806,1982814],[980551,1982522],[980549,1982255],[980400,1981999],[980272,1981795],[980263,1981659],[980272,1981402],[980150,1981149],[980123,1980829],[980183,1980668],[980307,1980586],[980390,1980392],[980353,1980206],[980460,1979956],[980524,1979823],[980577,1979645],[980483,1979267],[980446,1978895],[980444,1978519],[980502,1978353],[980075,1977581],[979919,1977387],[979839,1977237],[979854,1976970],[979960,1976795],[979825,1976371],[979706,1976246],[979580,1976111],[979552,1975872],[979475,1975602],[979349,1975522],[979215,1975419],[979065,1975248],[978971,1975009],[978908,1974761],[978860,1974411],[978356,1974253],[977915,1974043],[977591,1973904],[977436,1973845],[977104,1973741],[976816,1973719],[976762,1973542],[976570,1973280],[976441,1973165],[976155,1972957],[976070,1972796],[975862,1972713],[975619,1972784],[975609,1972920],[975597,1973125],[975317,1973237],[975111,1973266],[974867,1973506],[974721,1973723],[974696,1973895],[974745,1974269],[974604,1974451],[974483,1974459],[974276,1974226],[974298,1974016],[974211,1973844],[974086,1973791],[973897,1973937],[973763,1974001],[973465,1973771],[973299,1973604],[973117,1973701],[972752,1973690],[972450,1973792],[972284,1973918],[972064,1973907],[971856,1973775],[971730,1973722],[971651,1973598],[971550,1973405],[971153,1973171],[971176,1972947],[971038,1972434],[971175,1972321],[971004,1972196],[970570,1972020],[970389,1971976],[969869,1972231],[969635,1972444],[969422,1972710],[969178,1972887],[969020,1972999],[968885,1972990],[968668,1972987],[968565,1973108],[968575,1973259],[968531,1973405],[968356,1973762],[968012,1973783],[967892,1973726],[967737,1973668],[967643,1973807],[967145,1973848],[967077,1974040],[967213,1974074],[967331,1974227],[967324,1974354],[967188,1974710],[967045,1974848],[966689,1974969],[966559,1974994],[966178,1975042],[966131,1975307],[965994,1975390],[965845,1975416],[965705,1975481],[965557,1975592],[965376,1975676],[965283,1975927],[965384,1976083],[965580,1976252],[965902,1976569],[966220,1977185],[966343,1977434],[966333,1977903],[966326,1978078],[966312,1978246],[966314,1978495],[966381,1978727],[966431,1978885],[966552,1978971],[966724,1979214],[966719,1979340],[966700,1979468],[966622,1979599],[966566,1979776],[966593,1980249],[966639,1980537],[966751,1980703],[966717,1981018],[966601,1981282],[966453,1981403],[966397,1981541],[966314,1981713],[966215,1982195],[966250,1982623],[966112,1983485],[965905,1983707],[965751,1983832],[965633,1984300],[965594,1984581],[965772,1984772],[965805,1984942],[965839,1985072],[966044,1985144],[966290,1985211],[966455,1985214],[966700,1985227],[966861,1985308],[966870,1985450],[966889,1985625],[967181,1985994],[967309,1986080],[967576,1986014],[967903,1986062],[968413,1986289],[968618,1986291],[968742,1986249],[968862,1986256],[969002,1986472],[969014,1986636],[969175,1987376],[969372,1987746],[969511,1987961],[969619,1988256],[969669,1988411],[969454,1988567],[969164,1988755],[969215,1988882],[969235,1989003],[969209,1989129],[969036,1989248],[969004,1989549],[969053,1989714],[968939,1990163],[968836,1990297],[968700,1990363],[968369,1990478],[968236,1990521],[967887,1990507],[967772,1990686],[967488,1990817],[967356,1990829],[967227,1990743],[966935,1990767],[966731,1990805],[966656,1991107],[966645,1991296],[966475,1991619],[966326,1991860],[966292,1992044],[966282,1992169],[966169,1992311],[965934,1992626],[965667,1993077],[965630,1993298],[965477,1993435],[965036,1993578],[964819,1993619],[964667,1993714],[964454,1993892],[964569,1994158],[964543,1994309],[964670,1994582],[964795,1994853],[964714,1995059],[964567,1995147],[964418,1995240],[964191,1995508],[964261,1996001],[964354,1996395],[964266,1996687],[964177,1996847],[964118,1996977],[964233,1997252],[964204,1997539],[964121,1997661],[964002,1998112],[964063,1998374],[964207,1998409],[964389,1998419],[964528,1998422],[964861,1998665],[964948,1998805],[965288,1998849],[965597,1998835],[965880,1998837],[966402,1998429],[966460,1998273],[966576,1997880],[966645,1997742],[966963,1997904],[967491,1998283],[967662,1998524],[967650,1998671],[967942,1998900],[968440,1999196],[968651,1999114],[969007,1999629],[968974,1999801],[968888,1999946],[968875,2000089],[968892,2000214],[968961,2000375],[969023,2000619],[969037,2000840],[968988,2001139],[968983,2001665],[968678,2002022],[968423,2002302],[968335,2002439],[968276,2002590],[968069,2003222],[967990,2003348],[967988,2003542],[968073,2003693],[968155,2003821],[968188,2003956],[968188,2004288],[967870,2004392],[967703,2004319],[967571,2004245],[967291,2004211],[967157,2004221],[966757,2004381],[966557,2004364],[966402,2004383],[966223,2004427],[966228,2004549],[966449,2004792],[966478,2004925],[966329,2005092],[966053,2005473],[965949,2005744],[966025,2005921],[966090,2006137],[966146,2006366],[966201,2006517],[966289,2006759],[966445,2006851],[966690,2006908],[966895,2006877],[967026,2006822],[967188,2006692],[967390,2006753],[967514,2006850],[967714,2007108],[967916,2007297],[968121,2007327],[968263,2007435],[968272,2007606],[968256,2007729],[968576,2008141],[968720,2008165],[969080,2007770],[969040,2007373],[968966,2007057],[968976,2006796],[969079,2006555],[969199,2006471],[969454,2006583],[969622,2006776],[969750,2006946],[969891,2007082],[970046,2007086],[970194,2007056],[970326,2007009],[970447,2006949],[970632,2006882],[970854,2006960],[971013,2007235],[971199,2007364],[971443,2007410],[971603,2007383],[971748,2007329],[972011,2007216],[972240,2007124],[972369,2007130],[972573,2007197],[972702,2007207],[972744,2007403],[972805,2007529],[972831,2007727],[972789,2007919],[972759,2008396],[972770,2008522],[972874,2008819],[972943,2008980],[973002,2009192],[972959,2009404],[972905,2009541],[972299,2010208],[972224,2011035],[972199,2011358],[972188,2011532],[972220,2011710],[972185,2012706],[972135,2012897],[972005,2013182],[971684,2013277],[971348,2013388],[971219,2013547],[971372,2013737],[971538,2014305],[971506,2014654],[971491,2015171],[971484,2015408],[971461,2015536],[971377,2015685],[971417,2016057],[971520,2016183],[971582,2016312],[971675,2016598],[971702,2016967],[971628,2017100],[971468,2017836],[971476,2018120],[971447,2018416],[971404,2018550],[971367,2018686],[971311,2018902],[971455,2019442],[971552,2019615],[971554,2019953],[971552,2020132],[971939,2020603],[972142,2020663],[972268,2020673],[972705,2020879],[972780,2020707]]]]}},{"type":"Feature","properties":{"name":"하남시","region":"경기"},"geometry":{"type":"MultiPolygon","coordinates":[[[[972817,1954696],[973085,1954674],[973519,1954555],[973705,1954455],[973916,1954214],[974060,1954002],[974292,1953647],[974691,1953101],[975185,1952788],[975279,1952513],[975278,1952339],[975281,1952114],[975291,1951981],[975454,1951761],[975692,1951672],[976034,1951561],[976351,1951203],[976486,1950911],[976539,1950777],[976601,1950590],[976701,1950156],[976771,1949930],[976813,1949797],[977011,1949531],[977128,1949410],[977408,1949248],[977674,1949141],[977983,1948964],[978411,1948699],[978720,1948504],[978914,1948344],[979048,1948233],[979180,1948138],[979692,1947864],[979997,1947728],[980341,1947531],[980674,1947335],[980946,1946942],[981018,1946646],[981048,1946474],[981059,1946268],[981062,1946145],[980873,1946143],[980582,1946007],[980377,1945802],[980080,1945483],[979550,1945268],[979236,1945310],[978977,1945372],[978847,1945356],[978313,1945255],[978190,1944914],[978349,1944335],[978599,1943935],[978702,1943691],[978712,1943561],[978645,1943409],[978537,1943283],[978241,1943083],[978217,1942897],[978087,1942905],[977937,1942947],[977769,1943038],[977638,1943023],[977406,1942904],[977456,1942547],[977599,1942462],[977621,1942326],[977425,1941977],[977245,1941960],[976511,1942049],[976005,1942059],[975862,1942155],[975362,1942337],[975129,1942525],[974851,1942601],[974154,1942459],[973920,1942382],[973672,1942681],[973639,1942803],[973537,1942674],[973498,1942429],[973335,1942306],[973170,1942338],[972751,1942430],[972520,1942390],[972263,1942453],[972136,1942601],[972097,1942722],[971833,1942842],[971649,1942901],[971509,1943156],[971338,1942883],[971313,1942625],[971292,1942283],[971289,1942081],[971460,1941850],[971595,1941780],[971318,1941465],[971088,1941385],[970967,1941291],[970727,1941120],[970507,1941156],[970420,1941277],[970292,1941335],[970152,1941381],[970003,1941367],[969811,1941358],[969649,1941392],[969449,1941450],[969459,1941645],[969286,1941657],[968864,1941679],[968480,1941694],[968487,1941822],[968556,1942071],[968679,1942064],[968802,1942058],[968814,1942226],[968828,1942475],[968843,1942612],[968900,1942739],[969050,1942909],[969540,1943257],[969713,1943371],[969736,1943492],[969884,1943819],[969947,1943956],[969934,1944104],[970045,1944500],[970055,1944624],[969848,1944846],[969644,1944792],[969350,1944880],[969215,1944955],[968981,1945028],[968670,1944957],[968544,1945074],[968379,1945128],[968254,1945250],[968211,1945505],[968205,1945680],[968298,1945935],[968290,1946262],[968594,1946318],[968637,1946453],[968612,1946737],[968700,1947019],[968873,1947041],[969027,1947360],[969355,1947812],[969389,1947959],[969408,1948088],[969392,1948318],[969612,1948725],[969927,1949133],[970245,1949571],[970422,1949531],[970561,1949551],[970988,1949612],[971194,1949635],[971356,1949600],[971510,1949679],[971674,1949741],[971844,1949742],[972045,1949585],[971980,1949720],[971968,1949846],[971987,1949976],[971885,1950399],[971891,1951043],[971913,1951192],[971914,1951341],[971852,1951545],[971794,1951666],[971693,1951962],[971686,1952117],[971666,1952239],[971550,1952569],[971473,1952707],[971366,1952873],[971332,1953145],[971342,1953270],[971470,1953369],[971495,1953584],[971362,1953514],[971024,1953371],[970884,1953344],[970743,1953342],[970916,1953567],[971151,1953753],[971600,1954177],[971725,1954301],[971825,1954422],[971894,1954550],[971987,1954674],[972206,1954754],[972817,1954696]]]]}},{"type":"Feature","properties":{"name":"화성시","region":"경기"},"geometry":{"type":"MultiPolygon","coordinates":[[[[932635,1893550],[932371,1893706],[932081,1893678],[931906,1893576],[932078,1893685],[932233,1893699],[932372,1893711],[932635,1893550]]],[[[931221,1894304],[931553,1894457],[931680,1894421],[931221,1894304]]],[[[916068,1896114],[915845,1895909],[915763,1895777],[915674,1895554],[915508,1895332],[915473,1895459],[915759,1896009],[915993,1896353],[916224,1896476],[916364,1896311],[916241,1896256],[916107,1896156],[916068,1896114]]],[[[915972,1897050],[915835,1897483],[916006,1897370],[915983,1897068],[915972,1897050]]],[[[914805,1900852],[914644,1900461],[914610,1900661],[914523,1901678],[914548,1901837],[914506,1901963],[914314,1902199],[914658,1901985],[914779,1901882],[914828,1901651],[914805,1900852]]],[[[921779,1902933],[922113,1902844],[922442,1902911],[922933,1902870],[923300,1902727],[923429,1902734],[923564,1902765],[924243,1902537],[924436,1902440],[924645,1902300],[924622,1902151],[924493,1902097],[924346,1902165],[924213,1902289],[924132,1902411],[923989,1902501],[923883,1902358],[923903,1902237],[923628,1902165],[923303,1902467],[923042,1902454],[922800,1902413],[922587,1902435],[922510,1902597],[922064,1902669],[921435,1902602],[921288,1902539],[921120,1902421],[920985,1902490],[921141,1902985],[921256,1903211],[921378,1903318],[921485,1903172],[921608,1903123],[921741,1902986],[921779,1902933]]],[[[925126,1906288],[925052,1906143],[924821,1905748],[924680,1905624],[924056,1905168],[924220,1905312],[924474,1905495],[924624,1905597],[924786,1905712],[925013,1906089],[925126,1906288]]],[[[922470,1908855],[922613,1908842],[922873,1908798],[922795,1908673],[922725,1908520],[922649,1908265],[922592,1908106],[922457,1907924],[921909,1907317],[921894,1907194],[921855,1907071],[921789,1906939],[921697,1907183],[921639,1907577],[921610,1907780],[921539,1908600],[921599,1908810],[921726,1909027],[921876,1909176],[922025,1909259],[922105,1909105],[922247,1908957],[922375,1908882],[922470,1908855]]],[[[932650,1893541],[932881,1893538],[932881,1893729],[932902,1893880],[932931,1894023],[932979,1894162],[933158,1894593],[933247,1894759],[933688,1895251],[933830,1895389],[933854,1895519],[931877,1897475],[930697,1898644],[929480,1899849],[928640,1900681],[928222,1901096],[927639,1901676],[927377,1901890],[927483,1902085],[927235,1902386],[927114,1902456],[926752,1902462],[926632,1902374],[926724,1902495],[927100,1902494],[927370,1902394],[927567,1902575],[927573,1902719],[927544,1902925],[927512,1903071],[927483,1903191],[927449,1903316],[927409,1903445],[927357,1903594],[927298,1903730],[927007,1904303],[926915,1904426],[926787,1904713],[927094,1904962],[927148,1905091],[927138,1905251],[925941,1905183],[925814,1905063],[925661,1904898],[925424,1904688],[925912,1905181],[926120,1905203],[926278,1905214],[926647,1905241],[926848,1905257],[927145,1905335],[927271,1905395],[927400,1905690],[927685,1906020],[928486,1906253],[928623,1906116],[928186,1906801],[927967,1906911],[927796,1906997],[927441,1907168],[927311,1907135],[926886,1906952],[926645,1906848],[926517,1906792],[926275,1906687],[926122,1906712],[925856,1906772],[925595,1906690],[925226,1906462],[925293,1906588],[925087,1906509],[924864,1906440],[924615,1906471],[924569,1906735],[924794,1906758],[925215,1907043],[925362,1907189],[925499,1907389],[925508,1907546],[925243,1907991],[925193,1908286],[925051,1909114],[924908,1909310],[924869,1909510],[925062,1909432],[925133,1909303],[925163,1908937],[925434,1908959],[925889,1909653],[926107,1910248],[926234,1910312],[926015,1910625],[925862,1910644],[925443,1910551],[925294,1910480],[924956,1910043],[924916,1909790],[924780,1909650],[924597,1909671],[924552,1909982],[924684,1910134],[924818,1910250],[924984,1910514],[924863,1910538],[924634,1910590],[924853,1910944],[924975,1911364],[925102,1911944],[925345,1912890],[925426,1913172],[925503,1913479],[925527,1913629],[925553,1913895],[925548,1914107],[925422,1914795],[925190,1915209],[924823,1915667],[924662,1915927],[924466,1916307],[924420,1916468],[924379,1916953],[924370,1917132],[924515,1917195],[924477,1917370],[924347,1917515],[924304,1918024],[924351,1918188],[924427,1918351],[924581,1918397],[924743,1918575],[924854,1918716],[924994,1919008],[924985,1919194],[924969,1919334],[924932,1919463],[924873,1919587],[924780,1919717],[924585,1919904],[924015,1920427],[923144,1921228],[923696,1920751],[924200,1920286],[924321,1920298],[924354,1920481],[924586,1920595],[925061,1920765],[925284,1920754],[925633,1921247],[925663,1921398],[925670,1921536],[925668,1921704],[925537,1921823],[924742,1921867],[924607,1921873],[924480,1921854],[923251,1921492],[923122,1921433],[922987,1921270],[922923,1921136],[922848,1921007],[922869,1921132],[922926,1921259],[923026,1921393],[923176,1921495],[924444,1921871],[924574,1921899],[925013,1921880],[925400,1921859],[925686,1921842],[925697,1921707],[925693,1921449],[925691,1921114],[925914,1921213],[926311,1921322],[926450,1921352],[926652,1921372],[926774,1921362],[926996,1921246],[927163,1921130],[927679,1920542],[927633,1920327],[927494,1920055],[927346,1919900],[926995,1919676],[926822,1919601],[926684,1919604],[926659,1919430],[926795,1918971],[926974,1918979],[927264,1919091],[927404,1919189],[927539,1919369],[927714,1919533],[927837,1919625],[927975,1919621],[928102,1919591],[928281,1919608],[928421,1919756],[928515,1920026],[928637,1920341],[928818,1920475],[929077,1920402],[928997,1920249],[928949,1920076],[928931,1919876],[929010,1919678],[929042,1919849],[929043,1919988],[929975,1920417],[930234,1920524],[930387,1920494],[930565,1920421],[930871,1920101],[931296,1919920],[931431,1919841],[931612,1919709],[931772,1919701],[931693,1919846],[931585,1919983],[931499,1920167],[931487,1920303],[931659,1920421],[932077,1920376],[932362,1920339],[932497,1920328],[932306,1920445],[932154,1920477],[931920,1920510],[931778,1920526],[931635,1920532],[931501,1920549],[931154,1920762],[931049,1921027],[931023,1921154],[931011,1921404],[931785,1921755],[932154,1921775],[932284,1921742],[932407,1921702],[932585,1921628],[933139,1921375],[933744,1921080],[933822,1920888],[933822,1920753],[933849,1920523],[934068,1920132],[934088,1920408],[934016,1920643],[933976,1921007],[934022,1921143],[934151,1921176],[934426,1921149],[934757,1921086],[934981,1920961],[935168,1920740],[935247,1920589],[935297,1920469],[935366,1920214],[935394,1920065],[935420,1919900],[935596,1919861],[935584,1920613],[935536,1921005],[935475,1921137],[935546,1921277],[935832,1921382],[936265,1921442],[936458,1921464],[937068,1921543],[937491,1921635],[938185,1921766],[938377,1921787],[938512,1921872],[938670,1921867],[938954,1921824],[939108,1921791],[939304,1921723],[939448,1921643],[939657,1921497],[939858,1921283],[940001,1921087],[940080,1920945],[940157,1920783],[940204,1920640],[940239,1920505],[940284,1920324],[940337,1920143],[940422,1920001],[940620,1919952],[940803,1919985],[940954,1919985],[941099,1919946],[941228,1919796],[941237,1919663],[941249,1919458],[941415,1919198],[941605,1918961],[941758,1918959],[941921,1918854],[942056,1918542],[942005,1918341],[941939,1918193],[942012,1918068],[942136,1918075],[942262,1918184],[942492,1918578],[942356,1918722],[942520,1918919],[942708,1918972],[942863,1919148],[943032,1919499],[943192,1919494],[943363,1919477],[943599,1919445],[944223,1919692],[944553,1919840],[944619,1919971],[944429,1919864],[944271,1919789],[943640,1919516],[943538,1919655],[943458,1919798],[943436,1920249],[943439,1920384],[943630,1920477],[943866,1920472],[944256,1920369],[944348,1920244],[944471,1920278],[944659,1920432],[944762,1920585],[944788,1920742],[944952,1920919],[945206,1920788],[945404,1920674],[945911,1920514],[946205,1920866],[946318,1921079],[946573,1921327],[946696,1921365],[946816,1921469],[947315,1921395],[947571,1921394],[947706,1921398],[947947,1921411],[948081,1921479],[948323,1921078],[948376,1920956],[949072,1920271],[949229,1920141],[949330,1919915],[949311,1919784],[949230,1919543],[949197,1919392],[949371,1919110],[949410,1918740],[949487,1918311],[949514,1918172],[949641,1918147],[949914,1917838],[949949,1917714],[950259,1917679],[950562,1917712],[950904,1917760],[951041,1917714],[951235,1917566],[951206,1917413],[951258,1917257],[951446,1917123],[951464,1916905],[951492,1916773],[951665,1916651],[951814,1916389],[951904,1916205],[951924,1915958],[951884,1915836],[952144,1915642],[952268,1915578],[952408,1915534],[952718,1915314],[952906,1914895],[953027,1914633],[953241,1914561],[953362,1914596],[953779,1914740],[953936,1914946],[954080,1914947],[954325,1914895],[954473,1915086],[954608,1915148],[954723,1915000],[954873,1914809],[955296,1914642],[955437,1914437],[955485,1914301],[955723,1914294],[955944,1914564],[955897,1914688],[956124,1914564],[956291,1914415],[956595,1914302],[956759,1914288],[956890,1914317],[957482,1914183],[957645,1914114],[957693,1914259],[957713,1914762],[957856,1914788],[958157,1914812],[958301,1914868],[958511,1915137],[958721,1915403],[958961,1915478],[958972,1915620],[959385,1915673],[959505,1915645],[959535,1915425],[959726,1915005],[960214,1915148],[960361,1915074],[960418,1914927],[960612,1914971],[960765,1915084],[960921,1915238],[960974,1915362],[961173,1915568],[961430,1915785],[961587,1915790],[961781,1914925],[961764,1914708],[961992,1914552],[962261,1914452],[962379,1914166],[962580,1913906],[962702,1913743],[962929,1913540],[963316,1913263],[963467,1913166],[963801,1913241],[964109,1913356],[964484,1913414],[964687,1913446],[964858,1913507],[964990,1913516],[965172,1913499],[965853,1913436],[966046,1913532],[966228,1913457],[966469,1913419],[967239,1913196],[967418,1913140],[967546,1913060],[967718,1913031],[967975,1913142],[968347,1913368],[968582,1913432],[968971,1913491],[969107,1913359],[969089,1913219],[969078,1912891],[969396,1912375],[969540,1912211],[969593,1912070],[969416,1911783],[969241,1911511],[969123,1911250],[969137,1911127],[969201,1910999],[969420,1911044],[969478,1910894],[969595,1910737],[969771,1910561],[969899,1910454],[969945,1910324],[969844,1909894],[969773,1909635],[969771,1909390],[969840,1909216],[969878,1909066],[969741,1908855],[969618,1908742],[969492,1908695],[969275,1908623],[969206,1908379],[969076,1908159],[968814,1907962],[968528,1907945],[968125,1907889],[967583,1907898],[967462,1907896],[967375,1907769],[967458,1907595],[967513,1907434],[967256,1907162],[967096,1907104],[966999,1906982],[967051,1906391],[967108,1906075],[967136,1905884],[967097,1905616],[966992,1905362],[966808,1905267],[966671,1905251],[966544,1905184],[965876,1905131],[965704,1905158],[965529,1905117],[965260,1904971],[964861,1904853],[964746,1905091],[964547,1905342],[964505,1905554],[964336,1906366],[964027,1906723],[963845,1906808],[963712,1906842],[963565,1906917],[963422,1906961],[963215,1906992],[963037,1907019],[962724,1907066],[962582,1907135],[962346,1907302],[962128,1907559],[961940,1907807],[961901,1908122],[961879,1908348],[962009,1908684],[962027,1908994],[962025,1909189],[961987,1909467],[961724,1909545],[961516,1909579],[961437,1909701],[961407,1909825],[961542,1910039],[961579,1910337],[961450,1910475],[961480,1910730],[961500,1910872],[961394,1911083],[961346,1911228],[961049,1911275],[960915,1911195],[960783,1911105],[960661,1911035],[960527,1911050],[960270,1911019],[960119,1910949],[959969,1910894],[959760,1910902],[959638,1910955],[959400,1911081],[958960,1911267],[958749,1911361],[958615,1911365],[958364,1911331],[958045,1911397],[957855,1911133],[957475,1910968],[957278,1910891],[957110,1910848],[956887,1910806],[956470,1910653],[956338,1910590],[956367,1910398],[956430,1910209],[956497,1909988],[956401,1909819],[956278,1909794],[956149,1909860],[955951,1909546],[955826,1909409],[955947,1909327],[956068,1909284],[955839,1908957],[955680,1908858],[955558,1908875],[955550,1909002],[955652,1909138],[955378,1909087],[955183,1908829],[955164,1908702],[955194,1908570],[955394,1908497],[955526,1908452],[955740,1908342],[955785,1908221],[956002,1908014],[956130,1907902],[956785,1907754],[956989,1907750],[957161,1907768],[957350,1907702],[957512,1907603],[957642,1907506],[957801,1907498],[957960,1907303],[958261,1906782],[958314,1906551],[958174,1906408],[958071,1906267],[958069,1906119],[958130,1905963],[958242,1905788],[958376,1905439],[958354,1905235],[958404,1904933],[958450,1904771],[958591,1904433],[958762,1904300],[958225,1903990],[957972,1903956],[957776,1903933],[957474,1903814],[957293,1903703],[957148,1903591],[956773,1903486],[956345,1903401],[955988,1903366],[955754,1903374],[955566,1903278],[955383,1903100],[955372,1902966],[955473,1902837],[955480,1902462],[955160,1902110],[955186,1901982],[955328,1901908],[955480,1902016],[955459,1901891],[955235,1901850],[955097,1901897],[955090,1901773],[955165,1901569],[955372,1901489],[955492,1901538],[955608,1901406],[955318,1901360],[955193,1901376],[955225,1901098],[955381,1901035],[955374,1900509],[955315,1900159],[955301,1899917],[955356,1899794],[955422,1899662],[955419,1899505],[955293,1899393],[955175,1899268],[955154,1899145],[955333,1899052],[955530,1898846],[955581,1898717],[955532,1898590],[955384,1898581],[955338,1898711],[955261,1898846],[954977,1898915],[954830,1898932],[954746,1898721],[954833,1898528],[955080,1898222],[955175,1898077],[955225,1897923],[955194,1897781],[954980,1897755],[954842,1897776],[954721,1897762],[954883,1897403],[955033,1897286],[955192,1897235],[955308,1897105],[955291,1896982],[955093,1896934],[954876,1896952],[954650,1896948],[954407,1897022],[954197,1897128],[954047,1897116],[953683,1897070],[953442,1897036],[953317,1897048],[953197,1897168],[952998,1897261],[952854,1897300],[952734,1897220],[952646,1897091],[952585,1896926],[952409,1896717],[952249,1896713],[952127,1896757],[951777,1896810],[951644,1896761],[951414,1896768],[951272,1896799],[951058,1896836],[950963,1896698],[950891,1896498],[950851,1896312],[950917,1896049],[950662,1895985],[950467,1895959],[949832,1896033],[949519,1896120],[949482,1896248],[949421,1896457],[949362,1896607],[949195,1896764],[948789,1896601],[948648,1896487],[948439,1896434],[947990,1896501],[947845,1896622],[947395,1896876],[947218,1896901],[947113,1897174],[947136,1897374],[947013,1897326],[946841,1897205],[946788,1897007],[946403,1896834],[945901,1896670],[945727,1896646],[945371,1896634],[945215,1896666],[945200,1896353],[945035,1895877],[944931,1895665],[944761,1895319],[944684,1895165],[944374,1894648],[944078,1894168],[943937,1893919],[943624,1893354],[943423,1892992],[943241,1892683],[942996,1892267],[942770,1891906],[942608,1891659],[942281,1891295],[941695,1890970],[941569,1890900],[940754,1890749],[939213,1890760],[938968,1890762],[938686,1890770],[938149,1890772],[937523,1890777],[937508,1891081],[937334,1891618],[937312,1892063],[937257,1892227],[936819,1892582],[936634,1892601],[935754,1892602],[935002,1892592],[934517,1892593],[933495,1892604],[933348,1892615],[933225,1892695],[933178,1892841],[933181,1892961],[933192,1893134],[932650,1893541]],[[935181,1896449],[935060,1896451],[934874,1896445],[934681,1896366],[934558,1896323],[934362,1896870],[934551,1896920],[934570,1897119],[934512,1897657],[934535,1898098],[934655,1898371],[934694,1898674],[934647,1898898],[934685,1899054],[934739,1899177],[935013,1900003],[935213,1900549],[935135,1900841],[934973,1900770],[934832,1900827],[934729,1900956],[934497,1901295],[934161,1901601],[934124,1901824],[934238,1902259],[934295,1902395],[934664,1902955],[934749,1903078],[935034,1903407],[935286,1903633],[935329,1903490],[935476,1903494],[935667,1903688],[935721,1903951],[936273,1904259],[936626,1904002],[936664,1903809],[936687,1903673],[937235,1903594],[937378,1903573],[937446,1903748],[937460,1903884],[937466,1904143],[937867,1904558],[938016,1904636],[938278,1904619],[938419,1904603],[938332,1905144],[938251,1905421],[938166,1905735],[938016,1906211],[937886,1906346],[937631,1906270],[937433,1906150],[937253,1906027],[937045,1905920],[936909,1905984],[936503,1906082],[936340,1906099],[936219,1906189],[936560,1906449],[936707,1906457],[936867,1906494],[937365,1906751],[937655,1907296],[937531,1907601],[937483,1908057],[937306,1908388],[937174,1908510],[937202,1908735],[937246,1908892],[937393,1908955],[937517,1909070],[937510,1909239],[937592,1909766],[937668,1910128],[937619,1910252],[937726,1910579],[937784,1910739],[937876,1910861],[937932,1911027],[937694,1910693],[937526,1910187],[937403,1909756],[937399,1909429],[936865,1908577],[936421,1908127],[936301,1908167],[936077,1908138],[936012,1907996],[935854,1907629],[935360,1907631],[934178,1907759],[934001,1907809],[933416,1907969],[933163,1907913],[933070,1907777],[933142,1907626],[933111,1907498],[933137,1907261],[932851,1906719],[932706,1906402],[932622,1906256],[932165,1905964],[931958,1905986],[931695,1905901],[931736,1905722],[931770,1905566],[931683,1905323],[931604,1905121],[931520,1904975],[931400,1904830],[931530,1904495],[931364,1904293],[931255,1904159],[931132,1904024],[930978,1903884],[930243,1903219],[929913,1902965],[929734,1902834],[929554,1902703],[929370,1902571],[929219,1902468],[928658,1902222],[928514,1902167],[928386,1902169],[928247,1902207],[928124,1902240],[928000,1902226],[927511,1902085],[927502,1901962],[927677,1901935],[927692,1901784],[927934,1901510],[928727,1900788],[929178,1900248],[930593,1898837],[931711,1897727],[931964,1897477],[933875,1895559],[935100,1895970],[935181,1896449]]]]}}]}